season,player,type,ws,terms,contract_yrs,yr_1_salary,Source
2016,Aaron Brooks,UFA,0.9,Signed 1-yr/$2.5M deal with Pacers,1,2700000.00,capology
2017,Aaron Brooks,UFA,0.3,Signed with Timberwolves,1,2116955.00,spotrac
2018,Aaron Brooks,UFA,0.1,NA,0,0.00,NA
2018,Aaron Gordon,RFA,2.9,Signed 4-yr $76MM contract,4,21590909.00,capology
2018,Aaron Harrison,UFA,-0.1,Will reportedly play in Turkey,0,0.00,NA
2018,Aaron Jackson,UFA,0,NA,0,0.00,NA
2018,Abdel Nader,UFA,-0.1,NA,0,0.00,NA
2017,Adreian Payne,UFA,0.2,Signed 2-way contract with Magic,0,0.00,NA
2016,Al Horford,UFA,9.4,Signed 4-yr/$113M deal with Celtics,4,26540100.00,capology
2019,Al Horford,UFA,7.5,Signed 4-yr $109M contract,4,28000000.00,capology
2016,Al Jefferson,UFA,2.8,Signed 3-yr/$30M deal with Pacers,3,10230179.00,capology
2018,Al Jefferson,UFA,1.6,Will reportedly play in China,0,0.00,NA
2019,Al-Farouq Aminu,UFA,5.8,Signed 3-yr $29.16M contract,3,9258000.00,capology
2016,Alan Anderson,UFA,0.3,Signed 1-yr deal with Clippers,1,1315448.00,capology
2017,Alan Anderson,UFA,0.1,NA,0,0.00,NA
2017,Alan Williams,RFA,2.1,Signed 3-yr/$17M deal with Suns,3,6000000.00,capology
2018,Alan Williams,UFA,0,Signed two-way contract,0,0.00,NA
2019,Alan Williams,UFA,0.2,Will reportedly play in Russia,0,0.00,NA
2019,Alec Burks,UFA,1.5,Signed 1-yr $2.32M contract,1,2320044.00,capology
2018,Alec Peters,UFA,0.3,Will reportedly play in Russia,0,0.00,NA
2019,Álex Abrines,UFA,0.6,Will reportedly play in Spain,0,0.00,NA
2019,Alex Caruso,RFA,1,Signed 2-yr $5.5M contract,2,2750000.00,capology
2018,Alex Len,UFA,4.5,Signed 2-yr $8.51MM contract,2,4350000.00,capology
2017,Alex Len,RFA,3,*qualifying offer*,1,4187599.00,capology
2017,Alex Poythress,UFA,0.3,Signed 2-way contract with Pacers,0,0.00,NA
2018,Alex Poythress,UFA,0.1,Signed two-way contract,0,0.00,NA
2019,Alex Poythress,UFA,0.5,NA,0,0.00,NA
2018,Alfonzo McKinnie,UFA,0.1,Signed training camp deal,0,0.00,NA
2016,Allen Crabbe,RFA,4.3,Signed 4-yr/$75M deal with Trail Blazers,4,18500000.00,capology
2016,Alonzo Gee,UFA,1.9,Signed 1-yr/$1.4M deal with Pelicans,1,1400000.00,capology
2017,Amir Johnson,UFA,5,Signed 1-yr/$11M deal with 76ers,1,11000000.00,capology
2018,Amir Johnson,UFA,4.1,Signed 1-yr minimum salary contract,1,2393887.00,capology
2019,Amir Johnson,UFA,1.1,NA,0,0.00,NA
2016,Anderson Varejão,UFA,1,Signed 1-year deal with Warriors,1,1551659.00,capology
2016,Andre Drummond,RFA,7.4,Signed 5-yr/$130M deal with Pistons,5,22116750.00,capology
2017,Andre Iguodala,UFA,6.9,Signed 3-yr/$48M deal with Warriors,3,14814815.00,capology
2018,Andre Ingram,UFA,0.2,NA,0,0.00,NA
2016,Andre Miller,UFA,1,NA,0,0.00,NA
2017,Andre Roberson,RFA,4.2,Signed 3-yr/$30M deal with Thunder,3,9259259.00,capology
2017,Andrew Bogut,UFA,0.7,Reportedly agreed to 1-yr deal with Lakers,1,2328652.00,spotrac
2019,Andrew Bogut,UFA,0.3,NA,0,0.00,NA
2019,Andrew Harrison,UFA,-0.1,Signed training camp deal,0,0.00,NA
2016,Andrew Nicholson,RFA,1.6,Signed 4-yr/$26M deal with Wizards,4,6088993.00,capology
2018,Andrew White,UFA,-0.1,Will reportedly play in Turkey,0,0.00,NA
2019,Ángel Delgado,UFA,0,Will reportedly play in China,0,0.00,NA
2016,Anthony Bennett,UFA,0.1,Signed 2-yr deal with Nets,2,1015696.00,capology
2017,Anthony Morrow,UFA,1.2,Signed 1-yr deal with Trail Blazers,1,2116955.00,spotrac
2016,Anthony Tolliver,UFA,2.8,Signed 2-yr/$16M deal with Kings,2,8000000.00,capology
2017,Anthony Tolliver,UFA,2.3,Signed 1-yr/$3.3M deal with Pistons,1,3290000.00,capology
2018,Anthony Tolliver,UFA,5.3,Signed 1-yr $5.75MM contract,1,5750000.00,capology
2019,Anthony Tolliver,UFA,1.2,Signed 1-yr $2.56M contract,1,2564753.00,spotrac
2019,Antonio Blakeney,UFA,-0.5,Will reportedly play in China,0,0.00,NA
2018,Antonius Cleveland,UFA,0,Signed two-way contract,0,0.00,NA
2017,Archie Goodwin,UFA,0.7,NA,0,0.00,NA
2017,Aron Baynes,UFA,3,Signed 1-yr/$4.3M deal with Celtics,1,4328000.00,capology
2018,Aron Baynes,UFA,3,Signed 2-yr $10.647MM contract,2,5193600.00,capology
2016,Arron Afflalo,UFA,2.7,Signed 2-yr/$25M deal with Kings,2,12500000.00,capology
2017,Arron Afflalo,UFA,1.4,Signed 1-yr deal with Magic,1,1471382.00,capology
2018,Arron Afflalo,UFA,0.1,NA,0,0.00,NA
2016,Austin Rivers,UFA,1.9,Signed 3-yr/$35.7M deal with Clippers,3,11000000.00,capology
2019,Austin Rivers,UFA,1.2,Signed 2-yr $4.54M contract,2,2174318.00,capology
2018,Avery Bradley,UFA,-0.2,Reportedly agreed to 2-yr $24.96MM contract,2,12000000.00,capology
2019,Avery Bradley,UFA,0.3,Signed 2-yr $9.77M contract,2,4767000.00,capology
2019,B.J. Johnson,UFA,0.1,Signed Exhibit 10 contract,0,0.00,NA
2017,Ben McLemore,UFA,0.4,Signed 2-yr/$10.6M deal with Grizzlies,2,5200000.00,capology
2019,Ben McLemore,UFA,0.2,Signed 2-yr $4.01M contract,2,2028594.00,capology
2016,Beno Udrih,UFA,0.4,Reportedly agreed to 1-yr deal with Heat,1,1551659.00,bball-insiders
2017,Beno Udrih,UFA,1.3,NA,0,0.00,NA
2019,Billy Garrett,UFA,0,Will reportedly play in France,0,0.00,NA
2016,Bismack Biyombo,UFA,5.9,Signed 4-yr/$72M deal with Magic,4,17000000.00,capology
2017,Blake Griffin,UFA,7.7,Signed 5-yr/$173M deal with Clippers,5,29512900.00,capology
2016,Boban Marjanović,RFA,3.4,Signed 3-yr/$21M deal with Pistons,3,7000000.00,capology
2019,Boban Marjanović,UFA,3,Signed 2-yr $7M contract,2,3500000.00,capology
2017,Bobby Brown,UFA,0.1,Reportedly agreed to 1-yr deal with Rockets,1,1524305.00,spotrac
2019,Bobby Portis,UFA,1.6,Signed 2-yr $30.75M contract,2,15000000.00,capology
2017,Bojan Bogdanović,UFA,2.9,Signed 2-yr/$21M deal with Pacers,2,10500000.00,capology
2019,Bojan Bogdanović,UFA,6.8,Signed 4-yr $73.1M contract,4,17000000.00,capology
2019,Bonzie Colson,UFA,0.2,Will reportedly play in Turkey,0,0.00,NA
2017,Boris Diaw,UFA,1.1,Signed in France,0,0.00,NA
2019,Brad Wanamaker,UFA,1,Signed 1-yr $1.44M contract,1,1445697.00,capology
2016,Bradley Beal,RFA,2.7,Signed 5-yr/$128M deal with Wizards,5,22116750.00,capology
2016,Brandon Bass,UFA,4.1,Signed 1-yr deal with Clippers,1,1551659.00,spotrac
2017,Brandon Bass,UFA,2.2,Will reportedly play in China,0,0.00,NA
2016,Brandon Jennings,UFA,1.5,Signed 1-yr/$5M deal with Knicks,1,4837500.00,capology
2017,Brandon Jennings,UFA,1.7,Will reportedly play in China,0,0.00,NA
2018,Brandon Jennings,UFA,0.1,Will reportedly play in Russia,0,0.00,NA
2018,Brandon Paul,UFA,0.5,NA,0,0.00,NA
2016,Brandon Rush,UFA,2,Signed 1-yr/$3.5M deal with Timberwolves,1,3500000.00,capology
2017,Brandon Rush,UFA,0.4,Signed with Bucks,1,2116955.00,spotrac
2019,Brandon Sampson,UFA,0,NA,0,0.00,NA
2016,Brian Roberts,UFA,1,Signed 1-yr minimum salary deal with Hornets,1,1050961.00,spotrac
2017,Brian Roberts,UFA,0.2,Reportedly signed contract in Greece,0,0.00,NA
2017,Briante Weber,UFA,0.3,Signed deal with Lakers,1,815615.00,bball-insiders
2018,Brook Lopez,UFA,3.8,Signed 1-yr $3.382MM contract,1,3382000.00,capology
2019,Brook Lopez,UFA,6.7,Signed 4-yr $52M contract,4,12093024.00,capology
2018,Bruno Caboclo,UFA,0,Signed Exhibit 10 contract,0,0.00,NA
2018,Bryn Forbes,RFA,2.1,Signed to 2-yr $6MM contract,2,3125000.00,capology
2017,C.J. Miles,UFA,4,Signed 3-yr/$25M deal with Raptors,3,7936508.00,capology
2017,C.J. Watson,UFA,0.9,NA,0,0.00,NA
2017,C.J. Wilcox,UFA,-0.2,Signed two-way deal with Trail Blazers,0,0.00,NA
2019,C.J. Williams,UFA,0.1,Signed 1-yr $1.62M contract,1,1620564.00,spotrac
2018,C.J. Williams,UFA,0.7,NA,0,0.00,NA
2019,Cameron Payne,UFA,0.5,Signed 2-yr minimum salary contract,2,1737145.00,spotrac
2019,Cameron Reynolds,UFA,0.4,Signed two-way contract,0,0.00,NA
2018,Carmelo Anthony,UFA,3.7,Signed 1-yr minimum salary contract,1,2393887.00,capology
2019,Carmelo Anthony,UFA,0.3,NA,0,0.00,NA
2016,Chandler Parsons,UFA,4.3,Signed 4-yr/$94M deal with Grizzlies,4,22116750.00,capology
2018,Channing Frye,UFA,1.5,Signed 1-yr minimum salary contract,1,2393887.00,NA
2018,Charles Cooke,UFA,-0.2,Signed training camp deal,0,0.00,NA
2016,Charlie Villanueva,UFA,0.2,NA,0,0.00,NA
2016,Chase Budinger,UFA,1.4,Signed with Nets,1,1315448.00,spotrac
2019,Chasson Randle,UFA,0.6,Will reportedly play in China,0,0.00,NA
2019,Cheick Diallo,UFA,2.6,Signed 2-yr $3.50M contract,2,1678854.00,capology
2018,Chinanu Onuaku,UFA,-0.1,Signed training camp deal,0,0.00,NA
2016,Chris Andersen,UFA,1.3,Signed 1-yr deal with Cavaliers,1,1551659.00,spotrac
2017,Chris Andersen,UFA,0.2,NA,0,0.00,NA
2019,Chris Chiozza,UFA,0,Signed Exhibit 10 contract,0,0.00,NA
2016,Chris Copeland,UFA,-0.1,Signed with Pelicans,1,1050961.00,spotrac
2016,Chris Kaman,UFA,0.1,NA,0,0.00,NA
2018,Chris McCullough,UFA,0.2,Signed training camp deal,0,0.00,NA
2018,Chris Paul,UFA,10.2,Signed 4-yr maximum salary contract ($159.73MM),4,35654150.00,capology
2016,Christian Wood,UFA,0.3,Signed 2-yr deal with Hornets,2,874636.00,capology
2017,Christian Wood,RFA,0.3,Reportedly signed to play in China,0,0.00,NA
2016,Chuck Hayes,UFA,0,NA,0,0.00,NA
2016,Cleanthony Early,RFA,-0.2,Re-signed with Knicks *waived three days later*,0,0.00,NA
2018,Clint Capela,RFA,10.2,Signed 5-yr $87.5MM contract,5,15413043.00,capology
2016,Cole Aldrich,UFA,3.5,Signed 3-yr/$22M deal with Timberwolves,3,7643979.00,spotrac
2018,Cole Aldrich,UFA,0,Signed training camp deal,0,0.00,NA
2018,Corey Brewer,UFA,2.3,NA,0,0.00,NA
2019,Corey Brewer,UFA,1,NA,0,0.00,NA
2016,Cory Jefferson,RFA,0.1,"Signed with Cavaliers *non-guaranteed 1 year, cut before season*",0,0.00,NA
2019,Cory Joseph,UFA,3.5,Signed 3-yr $37.20M contract,3,12000000.00,capology
2016,Courtney Lee,UFA,3.9,Signed 4-yr/$48M deal with Knicks,4,11242000.00,capology
2017,Cristiano Felício,RFA,3.4,Signed 4-yr/$32M deal with Bulls,4,7843500.00,capology
2016,D.J. Augustin,UFA,2.6,Signed 4-yr/$29M deal with Magic,4,7250000.00,capology
2019,D'Angelo Russell,RFA,5,Signed 4-yr $117.32M contract with BRK as part of sign-and-trade,4,27285000.00,capology
2019,Dairis Bertāns,UFA,-0.2,Will reportedly play in Russia,0,0.00,NA
2018,Dakari Johnson,UFA,0.6,Will reportedly play in China,0,0.00,NA
2016,Damjan Rudež,RFA,0.1,Signed with Magic,1,980431.00,spotrac
2017,Damjan Rudež,UFA,0.1,Re-signed with Magic,1,1524305.00,spotrac
2018,Daniel Hamilton,UFA,0.1,Signed 1-yr minimum salary contract,1,1349383.00,NA
2019,Daniel Hamilton,UFA,-0.1,Signed Exhibit 10 contract,0,0.00,NA
2019,Daniel Theis,RFA,3.5,Signed 2-yr $10M contract,2,5000000.00,capology
2017,Danilo Gallinari,UFA,6.8,Traded to Clippers as part of sign and trade (3-yr/$65M),3,20559599.00,capology
2019,Danny Green,UFA,5.9,Signed 2-yr $30M contract,2,14634146.00,capology
2017,Dante Cunningham,UFA,3,Reportedly agreed to 1-yr/$2.3M deal with Pelicans,1,2300000.00,capology
2018,Dante Cunningham,UFA,2.4,Signed 1-yr $2.487MM contract,1,2487000.00,capology
2019,Dante Cunningham,UFA,1.9,NA,0,0.00,NA
2018,Dante Exum,RFA,0.7,Signed 3-yr $28.8MM contract,3,9600000.00,capology
2019,Danuel House,RFA,2.3,Signed 3-yr $11.15M contract,3,3540000.00,capology
2018,Danuel House,UFA,0.6,Signed training camp contract,0,0.00,NA
2019,Darius Miller,UFA,1.6,Signed 2-yr $14.25M contract,2,7250000.00,capology
2016,Darrell Arthur,UFA,2.3,Signed 3-yr/$23M deal with Nuggets,3,8070175.00,capology
2017,Darren Collison,UFA,3.9,Signed 2-yr/$20M deal with Pacers,2,10000000.00,capology
2019,Daryl Macon,UFA,0,Signed Exhibit 10 contract,0,0.00,NA
2016,David Lee,UFA,3,Signed 2-yr/$3M deal with Spurs,2,1551659.00,NA
2017,David Lee,UFA,5.7,NA,0,0.00,NA
2018,David Nwaba,UFA,2.4,Signed 1-yr minimum salary contract,1,1512601.00,capology
2019,David Nwaba,UFA,1.4,Signed 2-yr $3.50M contract,2,1678854.00,capology
2018,David Stockton,UFA,0.1,Will reportedly play in Germany,0,0.00,NA
2016,David West,UFA,5.4,Signed 1-yr/$1.5M deal with Warriors,1,1551659.00,spotrac
2017,David West,UFA,2.6,Signed 1-yr deal with Warriors,1,2328652.00,spotrac
2018,Dāvis Bertāns,RFA,3.1,Signed 2-yr $14MM contract,2,7000000.00,capology
2019,Davon Reed,UFA,0.1,Signed Exhibit 10 contract,0,0.00,NA
2018,DeAndre Jordan,UFA,9.4,Signed 1-yr $22.897MM contract,1,22897200.00,capology
2019,DeAndre Jordan,UFA,7.1,Signed 4-yr $39.96M contract,4,9881598.00,capology
2018,DeAndre Liggins,UFA,0.5,Signed training camp deal,0,0.00,NA
2019,Delon Wright,RFA,4.3,Signed 3-yr $28.05M contract with MEM as part of sign-and-trade,3,9473684.00,NA
2016,DeMar DeRozan,UFA,9.9,Signed 5-yr/$139M deal with Raptors,5,26540100.00,capology
2018,DeMarcus Cousins,UFA,4.7,Signed 1-yr $5.337MM contract,1,5337000.00,capology
2019,DeMarcus Cousins,UFA,2.4,Signed 1-yr $3.5M contract,1,3500000.00,capology
2019,DeMarre Carroll,UFA,3.1,Signed 3-yr $20.65M contract with BRK as part of sign-and-trade,3,6842307.00,spotrac
2017,Demetrius Jackson,UFA,0.1,Signed 2-way deal with Rockets,0,0.00,NA
2018,Demetrius Jackson,UFA,-0.1,NA,0,0.00,NA
2019,Demetrius Jackson,UFA,0.2,Signed Exhibit 10 contract,0,0.00,NA
2019,Deng Adel,UFA,-0.2,Signed Exhibit 10 contract,0,0.00,NA
2016,Deron Williams,UFA,3.7,Signed 1-yr/$10M deal with Mavericks,1,9000000.00,bball-insiders
2017,Deron Williams,UFA,2.4,NA,0,0.00,NA
2018,Derrick Favors,UFA,8,"Signed 2-yr $33.8MM contract, second year guaranteed after 7/6/19",2,16900000.00,capology
2018,Derrick Jones Jr.,UFA,0.4,Signed 2-yr minimum salary contract,2,1512601.00,spotrac
2017,Derrick Rose,UFA,3,Reportedly agreed to 1-yr minimum salary deal with Cavaliers,1,2116955.00,bball-insiders
2018,Derrick Rose,UFA,-0.2,Signed 1-yr minimum salary contract,1,2393887.00,spotrac
2019,Derrick Rose,UFA,3,Signed 2-yr $15M contract,2,7317073.00,capology
2016,Derrick Williams,UFA,3.6,Reportedly agreed to 1-yr/$5M deal with Heat,1,4598000.00,capology
2019,DeVaughn Akoon-Purcell,UFA,0,Signed training camp deal,0,0.00,NA
2018,Devin Harris,UFA,2.5,Signed 1-yr minimum salary contract,1,2393887.00,capology
2019,Devin Harris,UFA,1.5,NA,0,0.00,NA
2019,Devin Robinson,UFA,0.3,Signed 1-yr $1.62M contract,1,1620564.00,spotrac
2016,Dewayne Dedmon,UFA,2.4,Signed 2-yr/$6M deal with Spurs,2,2898000.00,capology
2017,Dewayne Dedmon,UFA,5.2,Signed 2-yr/$14M deal with Hawks,2,6000000.00,capology
2019,Dewayne Dedmon,UFA,4,Signed 3-yr $40M contract,3,13333334.00,capology
2019,Deyonta Davis,UFA,0.4,NA,0,0.00,NA
2016,Dion Waiters,UFA,2.1,Signed 2-yr/$6M deal with Heat,2,2898000.00,capology
2017,Dion Waiters,UFA,1.6,Signed 4-yr/$52M deal with Heat,4,11000000.00,capology
2016,Dirk Nowitzki,UFA,6.8,Signed 2-yr/$50M deal with Mavericks,2,25000000.00,capology
2017,Dirk Nowitzki,UFA,2.5,Signed 2-yr/$10M deal with Mavericks,2,5000000.00,capology
2018,Dirk Nowitzki,UFA,4.8,Signed 1-yr $5MM contract,1,5000000.00,capology
2016,Donatas Motiejūnas,RFA,0.3,NA,0,0.00,NA
2017,Donatas Motiejūnas,UFA,0.2,Signed to play in China,0,0.00,NA
2019,Donatas Motiejūnas,UFA,-0.1,Will reportedly play in China,0,0.00,NA
2019,Donte Grantham,UFA,0,Signed Exhibit 10 contract,0,0.00,NA
2019,Dorian Finney-Smith,RFA,3.3,Signed 3-yr $12M contract,3,4000000.00,capology
2018,Doug McDermott,UFA,2.3,Signed 3-yr $22MM contract,3,7333333.00,capology
2019,Dragan Bender,UFA,0.5,Signed 2-yr $3.50M contract,2,1678854.00,bball-insiders
2016,Drew Gooden,UFA,0,NA,0,0.00,NA
2018,Dwight Buycks,UFA,0.2,NA,0,0.00,NA
2016,Dwight Howard,UFA,6.6,Signed 3-yr/$70.5M deal with Hawks,3,23180275.00,capology
2018,Dwight Howard,UFA,6.8,"Signed 2-yr $10.941MM contract, second year player option",2,5337000.00,capology
2019,Dwight Howard,UFA,0.6,Signed 1-yr $2.56M contract,1,2564753.00,capology
2016,Dwight Powell,RFA,3.1,Signed 4-yr/$37M deal with Mavericks,4,8375000.00,capology
2016,Dwyane Wade,UFA,4.9,Signed 2-yr/$47M deal with Bulls,2,23200000.00,capology
2018,Dwyane Wade,UFA,1.1,Signed 1-yr minimum salary contract,1,2393887.00,capology
2016,E'Twaun Moore,UFA,1.8,Signed 4-yr/$34M deal with Pelicans,4,8081363.00,capology
2018,Ed Davis,UFA,5,Signed 1-yr $4.449MM contract,1,4449000.00,bball-insiders
2019,Ed Davis,UFA,5.7,Signed 2-yr $9.77M contract,2,4767000.00,capology
2019,Edmond Sumner,RFA,0.1,Signed 3-yr $6.48M contract,3,2000000.00,capology
2019,Ekpe Udoh,UFA,1.6,Will reportedly play in China,0,0.00,NA
2018,Elfrid Payton,UFA,2.8,Signed 1-yr $3MM contract,1,3000000.00,capology
2019,Elfrid Payton,UFA,1.5,Signed 2-yr $16M contract,2,8000000.00,capology
2019,Emmanuel Mudiay,UFA,0.8,Signed 1-yr $1.73M contract,1,1737145.00,capology
2019,Enes Kanter,UFA,5.4,Signed 2-yr $9.77M contract,2,4767000.00,capology
2016,Eric Gordon,UFA,2.1,Signed 4-yr/$53M deal with Rockets,4,12385364.00,capology
2016,Eric Moreland,RFA,0,"Signed with Cavaliers *non-guaranteed 1 year, waived a week later*",0,0.00,NA
2018,Eric Moreland,UFA,2.3,Signed Exhibit 10 contract,0,0.00,NA
2019,Eric Moreland,UFA,0,Signed training camp deal,0,0.00,NA
2017,Ersan İlyasova,UFA,4.1,Signed 1-yr/$6M deal with Hawks,1,6000000.00,capology
2018,Ersan İlyasova,UFA,4,"Signed 3-yr $21MM contract, third year not guaranteed",3,7000000.00,capology
2016,Evan Fournier,RFA,5.7,Signed 5-yr/$85M deal with Magic,5,17000000.00,capology
2016,Evan Turner,UFA,4,Signed 4-yr/$70M deal with Blazers,4,16393443.00,capology
2016,Festus Ezeli,RFA,2.7,Signed 2-yr/$16M deal with Trail Blazers,2,7400000.00,capology
2019,Frank Kaminsky,UFA,1.8,Signed 2-yr $9.77M contract,2,4767000.00,capology
2019,Frank Mason III,UFA,0.3,Signed two-way contract,0,0.00,NA
2018,Fred VanVleet,UFA,4.7,Signed 2-yr $18MM contract,2,8653847.00,capology
2019,Furkan Korkmaz,UFA,1.1,Signed 2-yr $3.38M contract,2,1620564.00,capology
2016,Garrett Temple,UFA,2.7,Signed 3-yr/$24M deal with Kings,3,8000000.00,capology
2019,Garrett Temple,UFA,2.2,Signed 2-yr $9.77M contract,2,4767000.00,capology
2016,Gary Neal,UFA,1.4,NA,0,0.00,NA
2018,Gary Payton II,UFA,0.2,Signed training camp deal,0,0.00,NA
2017,George Hill,UFA,5.9,Signed 3-yr/$57M deal with Kings,3,20000000.00,capology
2019,George Hill,UFA,2.8,Signed 3-yr $28.77M contract,3,9133907.00,capology
2019,George King,UFA,0,Will reportedly play in Italy,0,0.00,NA
2018,Georges Niang,RFA,0,"Signed 3-yr $4.942MM contract, first year guaranteed",3,1512601.00,capology
2017,Georges Niang,UFA,-0.3,NA,0,0.00,NA
2018,Georgios Papagiannis,UFA,0,Will reportedly play in Greece,0,0.00,NA
2016,Gerald Green,UFA,1.7,Signed 1-yr deal with Celtics,1,1410598.00,spotrac
2017,Gerald Green,UFA,0.6,"Reportedly agreed to deal with Bucks *non-guaranteed, waived after 4 pre-s*",1,2328652.00,bball-insiders
2018,Gerald Green,UFA,2.1,Signed 1-yr minimum salary contract,1,2393887.00,capology
2019,Gerald Green,UFA,1.9,Signed 1-yr $2.56M contract,1,2564753.00,capology
2016,Gerald Henderson,UFA,2,Signed 2-yr/$18M deal with 76ers,2,9000000.00,capology
2017,Gerald Henderson,UFA,2,NA,0,0.00,NA
2018,Glenn Robinson III,UFA,0.6,Signed 2-yr $8.354MM partially guaranteed contract,2,4075000.00,capology
2019,Glenn Robinson III,UFA,0.7,Signed 2-yr $3.95M contract,2,1882867.00,capology
2017,Gordon Hayward,UFA,10.4,Signed 4-yr/$128M deal with Celtics,4,29727900.00,capology
2018,Greg Monroe,UFA,3.4,Signed 1-yr $2.165MM contract,1,2165481.00,bball-insiders
2019,Greg Monroe,UFA,1.1,Will reportedly play in Germany,0,0.00,NA
2016,Greg Smith,UFA,0.2,NA,0,0.00,NA
2016,Greivis Vásquez,UFA,-0.3,Signed 1-yr deal with Nets,1,4347826.00,capology
2019,Guerschon Yabusele,UFA,0.5,Will reportedly play in China,0,0.00,NA
2016,Harrison Barnes,UFA,4.9,Signed 4-yr/$94M deal with Mavericks,4,22116750.00,capology
2019,Harrison Barnes,UFA,3.6,Signed 4-yr $85M contract,4,24147727.00,capology
2016,Hassan Whiteside,UFA,10.3,Signed 4-yr/$98M deal with Heat,4,22116750.00,capology
2019,Haywood Highsmith,UFA,0,Signed Exhibit 10 contract,0,0.00,NA
2019,Henry Ellenson,UFA,0.4,Signed two-way contract,0,0.00,NA
2016,Ian Clark,UFA,0.9,Signed 1-yr deal with Warriors,1,1015696.00,spotrac
2017,Ian Clark,UFA,2.3,Signed 1-yr/$1.6M deal with Pelicans,1,1577230.00,bball-insiders
2018,Ian Clark,UFA,1.1,Signed 1-yr minimum salary contract,1,1757429.00,spotrac
2019,Ian Clark,UFA,-0.1,Will reportedly play in China,0,0.00,NA
2016,Ian Mahinmi,UFA,6.2,Signed 4-yr/$64M deal with Wizards,4,15944154.00,capology
2019,Iman Shumpert,UFA,1.4,NA,0,0.00,NA
2019,Isaac Humphries,UFA,-0.1,Signed Exhibit 10 contract,0,0.00,NA
2019,Isaiah Briscoe,UFA,0.3,Will reportedly play in Germany,0,0.00,NA
2016,Isaiah Canaan,RFA,1.4,Signed 2-yr/$2.2M deal with Bulls,2,1015696.00,capology
2018,Isaiah Canaan,UFA,0.6,Signed 1-yr minimum salary contract,1,1757429.00,capology
2017,Isaiah Canaan,UFA,0.5,NA,0,0.00,NA
2019,Isaiah Canaan,UFA,0.1,Will reportedly play in China,0,0.00,NA
2019,Isaiah Hicks,UFA,0.1,Will reportedly play in Russia,0,0.00,NA
2018,Isaiah Taylor,UFA,0.6,Signed 1-yr contract,1,1620564.00,spotrac
2018,Isaiah Thomas,UFA,0.2,Signed 1-yr minimum salary contract,1,2029463.00,capology
2019,Isaiah Thomas,UFA,-0.3,Signed 1-yr $2.32M contract,1,2320044.00,capology
2018,Isaiah Whitehead,UFA,-0.1,Will reportedly play in Russia,0,0.00,NA
2016,Ish Smith,UFA,1.3,Signed 3-yr/$18M deal with Pistons,3,6000000.00,capology
2019,Ish Smith,UFA,1.7,Signed 2-yr $12M contract,2,6000000.00,capology
2019,Ivica Zubac,RFA,3.2,Signed 4-yr $28.51M contract,4,6481482.00,capology
2019,J.J. Barea,UFA,1,Signed 1-yr $2.56M contract,1,2564753.00,capology
2016,J.J. Hickson,UFA,0.8,Signed to play in China,0,0.00,NA
2017,J.J. Redick,UFA,4.8,Signed 1-yr/$23M deal with 76ers,1,23000000.00,capology
2018,J.J. Redick,UFA,6.6,Signed 1-yr $12.25MM contract,1,12250000.00,capology
2019,J.J. Redick,UFA,5.9,Signed 2-yr $26.5M contract,2,13486300.00,capology
2019,J.P. Macura,UFA,0,Signed Exhibit 10 contract,0,0.00,NA
2016,J.R. Smith,UFA,5.5,Signed 4-yr/$57M deal with Cavaliers,4,12800000.00,capology
2019,J.R. Smith,UFA,-0.2,NA,0,0.00,NA
2018,Jabari Parker,UFA,1.2,"Signed 2-yr $40MM contract, second year team option",2,20000000.00,capology
2019,Jabari Parker,UFA,1.4,Signed 2-yr $13M contract,2,6500000.00,capology
2018,Jack Cooley,UFA,0.3,Will reportedly play in Italy,0,0.00,NA
2018,Jahlil Okafor,UFA,0.6,"Signed 2-yr contract, first year partially guaranteed, second year team option",2,1567007.00,capology
2019,JaKarr Sampson,UFA,0.5,Signed 1-yr $1.73M contract,1,1737145.00,spotrac
2019,Jake Layman,RFA,3.1,Signed 3-yr $11.28M contract with POR as part of sign-and-trade,3,3581986.00,capology
2019,Jalen Jones,UFA,0.3,Signed Exhibit 10 deal,0,0.00,NA
2016,Jamal Crawford,UFA,3.3,Signed 3-yr/$42M deal with Clippers,3,13253012.00,capology
2017,Jamal Crawford,UFA,1.9,Signed deal with Timberwolves,1,4328000.00,bball-insiders
2018,Jamal Crawford,UFA,1.3,NA,0,0.00,NA
2019,Jamal Crawford,UFA,0.2,NA,0,0.00,NA
2018,Jameer Nelson,UFA,0.6,NA,0,0.00,NA
2018,Jamel Artis,UFA,0,Signed two-way contract,0,0.00,NA
2016,James Ennis,UFA,0.9,Signed 2-yr/$6M deal with Grizzlies,2,2898000.00,capology
2018,James Ennis,UFA,3.1,"Signed 2-yr $3.467MM contract, second year player option",2,1621415.00,capology
2019,James Ennis,UFA,2.6,Signed 2-yr $4.01M contract,2,1882867.00,capology
2016,James Johnson,UFA,1.3,Reportedly agreed to 1-yr/$4M deal with Heat,1,4000000.00,capology
2017,James Johnson,UFA,5.1,Signed 4-yr/$60M deal with Heat,4,13954000.00,capology
2016,James Jones,UFA,1.2,Signed 1-yr/$1.5M deal with Cavaliers,1,1551659.00,spotrac
2017,James Jones,UFA,0.8,NA,0,0.00,NA
2016,James Michael McAdoo,RFA,0.8,Signed 1-yr/$980K deal with Warriors,1,1000000.00,bball-insiders
2017,James Michael McAdoo,UFA,1.1,NA,0,0.00,NA
2018,James Webb III,UFA,-0.1,Will reportedly play in Germany,0,0.00,NA
2017,James Young,UFA,0.3,NA,0,0.00,NA
2017,JaMychal Green,RFA,5.8,Signed 2-yr/$27M deal with Grizzlies *correction: 17M*,2,8533333.00,capology
2019,JaMychal Green,UFA,2.9,Signed 2-yr $9.77M contract,2,4767000.00,capology
2016,Jared Dudley,UFA,4.6,Signed 3-yr/$30M deal with Suns,3,10470000.00,capology
2019,Jared Dudley,UFA,1.8,Signed 1-yr $2.56M contract,1,2564753.00,capology
2016,Jared Sullinger,UFA,4.8,Signed 1-yr deal with Raptors,1,5628000.00,capology
2017,Jared Sullinger,UFA,-0.1,Signed in China,0,0.00,NA
2019,Jared Terrell,UFA,-0.3,Will reportedly play in Israel,0,0.00,NA
2019,Jarell Martin,UFA,0.5,Signed training camp deal,0,0.00,NA
2019,Jaron Blossomgame,UFA,0.3,Signed training camp deal,0,0.00,NA
2016,Jarrett Jack,UFA,0.9,Reportedly agreed to 1-yr deal with Hawks,1,1551659.00,spotrac
2018,Jarrett Jack,UFA,1.2,Signed 1-yr minimum salary contract,1,2393887.00,spotrac
2017,Jarrod Uthoff,UFA,0.2,Reportedly agreed to deal with Pacers *exhibit 10*,0,0.00,NA
2016,Jason Smith,UFA,1.8,Signed 3-yr/$16M deal with Wizards,3,5000000.00,capology
2019,Jason Smith,UFA,0.2,NA,0,0.00,NA
2016,Jason Terry,UFA,1.5,Signed with Bucks,1,1551659.00,spotrac
2017,Jason Terry,UFA,2.1,Signed 1-yr minimum salary deal with Bucks,1,2328652.00,spotrac
2018,Jason Terry,UFA,0.7,NA,0,0.00,NA
2017,JaVale McGee,UFA,3.5,Signed 1-yr deal with Warriors,1,2116955.00,bball-insiders
2018,JaVale McGee,UFA,2.7,Signed 1-yr minimum salary contract,1,2393887.00,capology
2019,JaVale McGee,UFA,5.9,Signed 2-yr $8.2M contract,2,4000000.00,capology
2019,Jawun Evans,UFA,-0.2,NA,0,0.00,NA
2019,Jaylen Adams,UFA,0.1,Signed training camp deal,0,0.00,NA
2018,Jaylen Morris,UFA,-0.1,Will reportedly play in Italy,0,0.00,NA
2019,Jaylen Morris,UFA,0.1,Will reportedly play in Greece,0,0.00,NA
2016,Jeff Green,UFA,3.1,Signed 1-yr/$15M deal with Magic,1,15000000.00,capology
2017,Jeff Green,UFA,0.7,Signed 1-yr/$2.3M deal with Cavaliers,1,2328652.00,spotrac
2018,Jeff Green,UFA,3.9,Signed 1-yr minimum salary contract,1,2393887.00,capology
2019,Jeff Green,UFA,3.6,Signed 1-yr $2.56M contract,1,2564753.00,capology
2017,Jeff Teague,UFA,8.1,Signed 3-yr/$57M deal with Timberwolves,3,19000000.00,capology
2017,Jeff Withey,UFA,1.8,Signed 1-yr deal with Mavericks,1,1577230.00,spotrac
2018,Jerami Grant,UFA,5.4,"Signed 3-yr $27.346MM contract, third year is player option",3,8653847.00,capology
2019,Jeremy Lamb,UFA,5.3,Signed 3-yr $31.5M contract,3,10500000.00,capology
2016,Jeremy Lin,UFA,3.5,Signed 3-yr/$36M deal with Nets,3,11483254.00,spotrac
2019,Jeremy Lin,UFA,2.1,Will reportedly play in China,0,0.00,NA
2019,Jerian Grant,UFA,1.7,Will reportedly play in China,0,0.00,NA
2016,Jerryd Bayless,UFA,2.4,Signed 3-yr/$27M deal with 76ers,3,9424084.00,capology
2019,Jerryd Bayless,UFA,0,Will reportedly play in China,0,0.00,NA
2019,Jimmer Fredette,UFA,-0.2,Will reportedly play in Greece,0,0.00,NA
2019,Jimmy Butler,UFA,7.9,Signed 4-yr $140.79M contract with PHI as part of sign-and-trade,4,32742000.00,capology
2016,Joakim Noah,UFA,1.1,Signed 4-yr/$72M deal with Knicks,4,17000000.00,capology
2019,Joakim Noah,UFA,2.2,NA,0,0.00,NA
2017,Jodie Meeks,UFA,1.1,Signed 2-yr/$7M deal with Wizards,2,3290000.00,capology
2019,Jodie Meeks,UFA,0.3,NA,0,0.00,NA
2019,Joe Chealey,UFA,0,Signed Exhibit 10 contract,0,0.00,NA
2016,Joe Harris,UFA,0,Signed 2-yr deal with Nets,2,980431.00,spotrac
2018,Joe Harris,UFA,4,Signed 2-yr $16MM contract,2,8333333.00,spotrac
2017,Joe Ingles,RFA,5,Signed 4-yr/$52M deal with Jazz,4,14136364.00,capology
2016,Joe Johnson,UFA,2.7,Signed 2-yr/$22M deal with Jazz,2,11000000.00,capology
2018,Joe Johnson,UFA,1,NA,0,0.00,NA
2018,Joe Young,UFA,0.5,Will reportedly play in China,0,0.00,NA
2017,Joel Anthony,UFA,0.4,NA,0,0.00,NA
2017,Joffrey Lauvergne,UFA,1.5,Signed deal with Spurs,2,1524305.00,spotrac
2018,Joffrey Lauvergne,UFA,1.3,Will reportedly play in Turkey,0,0.00,NA
2019,John Jenkins,UFA,0.2,NA,0,0.00,NA
2019,Johnathan Williams,UFA,1,Will reportedly play in Israel,0,0.00,NA
2018,Johnny O'Bryant,UFA,0.3,Will reportedly play in Israel,0,0.00,NA
2016,Jon Leuer,UFA,2.7,Signed 4-yr/$41M deal with Pistons,4,10991957.00,capology
2019,Jon Leuer,UFA,0.9,NA,0,0.00,NA
2018,Jonas Jerebko,UFA,3.4,Signed 1-yr minimum salary contract,1,2176260.00,spotrac
2019,Jonas Jerebko,UFA,3.3,Will reportedly play in Russia,0,0.00,NA
2019,Jonas Valančiūnas,UFA,4.2,Signed 3-yr $45M contract,3,16000000.00,capology
2018,Jonathan Gibson,UFA,0.2,Will reportedly play in China,0,0.00,NA
2017,Jonathon Simmons,UFA,2,Signed 3-yr/$20M deal with Magic,3,6300000.00,capology
2019,Jonathon Simmons,UFA,0.3,NA,0,0.00,NA
2019,Jordan Bell,UFA,1.6,Signed 1-yr $1.62M contract,1,1620564.00,capology
2016,Jordan Clarkson,RFA,2.1,Signed 4-yr/$50M deal with Lakers,4,12500000.00,capology
2018,Jordan Crawford,UFA,0.2,NA,0,0.00,NA
2016,Jordan Hill,UFA,3.9,Signed 2-yr/$8M deal with Timberwolves,2,4000000.00,capology
2017,Jordan Hill,UFA,0,NA,0,0.00,NA
2019,Jordan Loyd,UFA,0.2,Will reportedly play in Spain,0,0.00,NA
2017,Jordan McRae,UFA,0.2,Will reportedly play in Spain,0,0.00,NA
2017,Jordan Mickey,UFA,0.1,Signed with Heat,1,1471382.00,spotrac
2018,Jordan Mickey,UFA,0.3,Will reportedly play in Russia,0,0.00,NA
2019,Jordan Sibert,UFA,0,Signed Exhibit 10 contract,0,0.00,NA
2017,José Calderón,UFA,0.3,Signed 1-yr minimum deal with Cavaliers,1,2328652.00,spotrac
2018,José Calderón,UFA,1.8,Signed 1-yr minimum salary contract,1,2393887.00,spotrac
2019,José Calderón,UFA,0.6,NA,0,0.00,NA
2018,Josh Huestis,UFA,0.5,NA,0,0.00,NA
2018,Josh Magette,UFA,0.4,Will reportedly play in Croatia,0,0.00,NA
2017,Josh McRoberts,UFA,0.3,NA,0,0.00,NA
2016,Josh Smith,UFA,0,NA,0,0.00,NA
2017,Jrue Holiday,UFA,3.8,Signed 5-yr/$126M deal with Pelicans,5,25686667.00,capology
2019,Julian Washburn,UFA,0.1,NA,0,0.00,NA
2018,Julius Randle,UFA,6.6,"Signed 2-yr $17.714MM contract, second year player option",2,8641000.00,capology
2019,Julius Randle,UFA,6.1,Signed 3-yr $62.10M contract,3,18000000.00,capology
2018,Julyan Stone,UFA,0.3,Will reportedly play in Italy,0,0.00,NA
2019,Justin Anderson,UFA,0.4,Signed 1-yr $1.73M contract,1,1737145.00,spotrac
2017,Justin Hamilton,UFA,2.1,NA,0,0.00,NA
2017,Justin Holiday,UFA,2.5,Signed 2-yr/$9M deal with Bulls,2,4615385.00,capology
2019,Justin Holiday,UFA,2.1,Signed 1-yr $4.76M contract,1,4767000.00,capology
2019,Justin Patton,UFA,0,Signed 3-yr minimum salary contract,3,1620564.00,spotrac
2018,Jusuf Nurkić,RFA,4.7,"Signed 4-yr $48MM contract, $4MM partial guarantee in 4th year",4,11111111.00,capology
2017,K.J. McDaniels,UFA,0.5,Signed 1-yr deal with Raptors,1,1524305.00,bball-insiders
2019,Kalin Lucas,UFA,0,NA,0,0.00,NA
2019,Kawhi Leonard,UFA,9.5,Signed 3-yr $103.13M contract,3,32742000.00,capology
2018,Kay Felder,UFA,-0.5,Signed 1-yr minimum salary contract,1,1512601.00,spotrac
2017,Kelly Olynyk,UFA,4.1,Signed 4-yr/$50M deal with Heat,4,10607169.00,capology
2019,Kelly Oubre Jr.,RFA,2.2,Signed 2-yr $30M contract,2,15625000.00,capology
2019,Kemba Walker,UFA,7.4,Signed 4-yr $140.79M contract with CHO as part of sign-and-trade,4,32742000.00,capology
2016,Kendrick Perkins,UFA,-0.1,NA,0,0.00,NA
2018,Kendrick Perkins,UFA,0,NA,0,0.00,NA
2019,Kenneth Faried,UFA,2.9,NA,0,0.00,NA
2016,Kent Bazemore,UFA,4.1,Signed 4-yr/$70M deal with Hawks,4,15730338.00,capology
2017,Kentavious Caldwell-Pope,UFA,4.5,Reportedly agreed to 1-yr/$18M deal with Lakers,1,17745894.00,capology
2018,Kentavious Caldwell-Pope,UFA,5.3,Signed 1-yr $12MM contract,1,12000000.00,capology
2019,Kentavious Caldwell-Pope,UFA,4,Signed 2-yr $16.58M contract,2,8089282.00,capology
2016,Kevin Durant,UFA,14.5,Signed 2-yr/$54M deal with Warriors,2,26540100.00,capology
2017,Kevin Durant,UFA,12,Reportedly agreed to 2-yr/$53M deal with Warriors,2,25000000.00,capology
2018,Kevin Durant,UFA,10.4,"Signed 2-yr $61.5MM contract, second year player option",2,30000000.00,capology
2019,Kevin Durant,UFA,11.5,Signed 4-yr $164.25M contract with GSW as part of sign-and-trade,4,37199000.00,capology
2016,Kevin Martin,UFA,1.2,NA,0,0.00,NA
2016,Kevin Séraphin,UFA,-0.2,Signed 2-yr/$3.6M deal with Pacers,2,1800000.00,capology
2018,Kevon Looney,UFA,2.8,Signed 1-yr minimum salary contract,1,1567007.00,spotrac
2019,Kevon Looney,UFA,6,Signed 3-yr $15M contract,3,4464286.00,spotrac
2019,Khem Birch,RFA,2.8,Signed 2-yr $6M contracts,2,3000000.00,capology
2019,Khris Middleton,UFA,6.1,Signed 5-yr $177.5M contract,5,30689655.00,capology
2016,Kirk Hinrich,UFA,0.6,NA,0,0.00,NA
2019,Klay Thompson,UFA,5.3,Signed 5-yr $189.9 contract,5,32742000.00,capology
2019,Kobi Simmons,UFA,0,Signed Exhibit 10 contract,0,0.00,NA
2019,Kosta Koufos,UFA,0.7,Will reportedly play in Russia,0,0.00,NA
2016,Kris Humphries,UFA,1.6,Signed 1-yr/$4M deal with Hawks,1,4000000.00,capology
2017,Kris Humphries,UFA,1.6,NA,0,0.00,NA
2018,Kyle Anderson,RFA,6.2,Signed 4-yr $37.156MM contract,4,8641000.00,capology
2018,Kyle Collinsworth,UFA,0.5,Signed training camp deal,0,0.00,NA
2017,Kyle Korver,UFA,3.7,Signed 3-yr/$22M deal with Cavaliers,3,5239437.00,capology
2019,Kyle Korver,UFA,2.3,Signed 1-yr $2.56M contract,1,2564753.00,capology
2017,Kyle Lowry,UFA,10.1,Signed 3-yr/$100M deal with Raptors,3,28703704.00,capology
2018,Kyle O'Quinn,UFA,4.8,Signed 1-yr $4.449MM contract,1,4449000.00,capology
2019,Kyle O'Quinn,UFA,1,Signed 1-yr $2.02M contract,1,2028594.00,capology
2018,Kyle Singler,UFA,0,NA,0,0.00,NA
2017,Kyle Wiltjer,UFA,0,Signed camp deal with Raptors,0,0.00,NA
2019,Kyrie Irving,UFA,9.1,Signed 4-yr $136.49M contract,4,31742000.00,capology
2016,Lance Stephenson,UFA,2.2,Signed with Pelicans,1,1227286.00,bball-insiders
2018,Lance Stephenson,UFA,1.8,Signed 1-yr $4.449MM contract,1,4449000.00,capology
2019,Lance Stephenson,UFA,1.1,Will reportedly play in China,0,0.00,NA
2016,Lance Thomas,UFA,1.7,Signed 4-yr/$27.3M deal with Knicks,4,6191000.00,capology
2019,Lance Thomas,UFA,0.1,Signed 1-yr $2.32M contract,1,2320044.00,spotrac
2016,Langston Galloway,UFA,3.3,Signed 2-yr/$10M deal with Pelicans,2,5200000.00,capology
2017,Langston Galloway,UFA,1.3,Signed 3-yr/$21M deal with Pistons,3,6666667.00,capology
2017,Lavoy Allen,UFA,1.7,NA,0,0.00,NA
2016,Leandro Barbosa,UFA,2.1,Signed 2-yr/$8M deal with Suns,2,4000000.00,capology
2017,Leandro Barbosa,UFA,0.6,NA,0,0.00,NA
2016,LeBron James,UFA,13.6,Signed 3-yr/$100M deal with Cavaliers,3,30963450.00,capology
2018,LeBron James,UFA,14,Signed 4-yr maximum salary contract ($153.31MM),4,35654150.00,capology
2018,Lorenzo Brown,UFA,0.2,Signed 1-yr minimum salary contract,1,1621415.00,bball-insiders
2016,Lou Amundson,UFA,-0.1,Signed with Knicks,1,1551659.00,spotrac
2016,Luc Mbah a Moute,UFA,1.6,Signed 2-yr/$4.51M deal with Clippers,2,2203000.00,capology
2017,Luc Mbah a Moute,UFA,3.1,Signed 1-yr deal with Rockets,1,2116955.00,spotrac
2018,Luc Mbah a Moute,UFA,2.8,Signed 1-yr $4.321MM contract,1,4320500.00,capology
2019,Luc Mbah a Moute,UFA,0,NA,0,0.00,NA
2018,Lucas Nogueira,UFA,1.6,Will reportedly play in Spain,0,0.00,NA
2016,Luis Scola,UFA,3.3,Signed 1-yr deal with Nets,1,5000000.00,capology
2017,Luis Scola,UFA,0.8,Will reportedly play in China next season,0,0.00,NA
2017,Luke Babbitt,UFA,1.8,Signed 1-yr deal with Hawks,1,1974159.00,bball-insiders
2018,Luke Babbitt,UFA,0.9,NA,0,0.00,NA
2018,Luke Kornet,UFA,0.5,Signed 1-yr $1.619MM contract,1,1619000.00,capology
2019,Luke Kornet,UFA,1.4,Signed 2-yr $4.5M contract,2,2195122.00,capology
2016,Luol Deng,UFA,6.4,Signed 4-yr/$72M deal with Lakers,4,18000000.00,capology
2018,Luol Deng,UFA,0,Signed 1-yr minimum salary contract,1,2393887.00,capology
2019,Luol Deng,UFA,0.8,NA,0,0.00,NA
2019,Malachi Richardson,UFA,-0.1,Will reportedly play in Israel,0,0.00,NA
2019,Malcolm Brogdon,RFA,6.5,Signed 4-yr $85M contract with MIL as part of sign-and-trade,4,20000000.00,capology
2018,Malcolm Delaney,UFA,1,Will reportedly play in China,0,0.00,NA
2018,Mangok Mathiang,UFA,0.1,Will reportedly play in Italy,0,0.00,NA
2016,Manu Ginóbili,UFA,3.8,Signed 1-yr/$14M deal with Spurs,1,14000000.00,capology
2017,Manu Ginóbili,UFA,3,Signed 2-yr/$5M deal with Spurs,2,2500000.00,capology
2016,Marcelo Huertas,RFA,-0.1,Reportedly agreed to 2-yr deal with Lakers,2,1500000.00,capology
2019,Marcin Gortat,UFA,1.4,NA,0,0.00,NA
2018,Marco Belinelli,UFA,3.7,Signed 2-yr $12MM contract,2,6153846.00,capology
2019,Marcus Derrickson,UFA,0.2,Signed Exhibit 10 contract,0,0.00,NA
2018,Marcus Georges-Hunt,RFA,0.2,Signed training camp deal,0,0.00,NA
2019,Marcus Morris,UFA,4.5,Signed 1-yr $15M contract,1,15000000.00,capology
2018,Marcus Smart,RFA,1.9,Signed 4-yr $52MM contract,4,11660716.00,capology
2016,Marcus Thornton,UFA,1.7,Reportedly agreed to 1-yr/$1.3M deal with Wizards,1,1315448.00,spotrac
2017,Marcus Thornton,UFA,0.5,NA,0,0.00,NA
2016,Mario Chalmers,UFA,3.8,NA,0,0.00,NA
2018,Mario Chalmers,UFA,0.6,NA,0,0.00,NA
2018,Mario Hezonja,UFA,2.3,Signed 1-yr $6.5MM contract,1,6500000.00,capology
2019,Mario Hezonja,UFA,-0.1,Signed 2-yr minimum salary contract,2,1737145.00,spotrac
2016,Markel Brown,UFA,0.6,"Signed with Cavaliers *one-yr nnon-guaranteed, waived after 6 pre-s*",1,980431.00,bball-insiders
2019,Markieff Morris,UFA,1.6,Signed 2-yr $6.56M contract,2,3200000.00,spotrac
2019,Marquese Chriss,UFA,-0.2,Signed 1-yr $1.67M contract,1,1678854.00,bball-insiders
2016,Marreese Speights,UFA,1.8,Signed 1-yr/$1.4M deal with Clippers,1,1403611.00,capology
2017,Marreese Speights,UFA,4.2,Signed deal with Magic,1,2116955.00,spotrac
2018,Marreese Speights,UFA,0.6,Will reportedly play in China,0,0.00,NA
2017,Marshall Plumlee,UFA,0.2,Signed 1-yr deal with Clippers *exhibit 10*,0,0.00,NA
2016,Marvin Williams,UFA,7.8,Signed 4-yr/$54.5M deal with Hornets,4,12250000.00,capology
2017,Mason Plumlee,RFA,6,Signed 3-yr/$41M deal with Nuggets,3,14041096.00,capology
2016,Matt Barnes,UFA,2.6,Signed 2-yr/$12M deal with Kings,2,6125000.00,capology
2017,Matt Barnes,UFA,2,NA,0,0.00,NA
2016,Matt Bonner,UFA,0.8,NA,0,0.00,NA
2016,Matthew Dellavedova,RFA,3.8,Traded to Bucks via sign-and-trade,4,9607500.00,capology
2016,Maurice Harkless,RFA,2.9,Reportedly agreed to 4-yr/$40M deal with Trail Blazers,4,9488764.00,capology
2017,Maurice Ndour,UFA,0.4,NA,0,0.00,NA
2019,Maxi Kleber,RFA,3.5,Signed 4-yr $35.90M contract,4,8000000.00,capology
2016,Metta World Peace,UFA,0.1,Signed with Lakers,1,1551659.00,spotrac
2017,Metta World Peace,UFA,-0.2,NA,0,0.00,NA
2016,Meyers Leonard,RFA,2.2,Reportedly agreed to 4-yr/$41M deal with Trail Blazers,4,9213484.00,capology
2017,Michael Beasley,UFA,1.8,Signed deal with Knicks,1,2116955.00,spotrac
2018,Michael Beasley,UFA,2.4,Signed 1-yr $3.5MM contract,1,3500000.00,capology
2019,Michael Beasley,UFA,0.2,NA,0,0.00,NA
2017,Michael Carter-Williams,UFA,0.2,Signed 1-yr/$2.7M deal with Hornets,1,2700000.00,capology
2018,Michael Carter-Williams,UFA,0.9,Signed 1-yr minimum salary contract,1,1757429.00,bball-insiders
2019,Michael Carter-Williams,UFA,0.8,Signed 1-yr $2.02M contract,1,2028594.00,capology
2017,Michael Gbinije,UFA,-0.1,NA,0,0.00,NA
2016,Mike Conley,UFA,5.3,Signed 5-yr/$153M deal with Grizzlies,5,26540100.00,capology
2017,Mike Dunleavy,UFA,1.5,NA,0,0.00,NA
2016,Mike Miller,UFA,0.3,Signed 2-yr/$5M deal with Nuggets,2,3500000.00,capology
2017,Mike Miller,UFA,0.1,NA,0,0.00,NA
2017,Mike Muscala,UFA,3.4,Signed 2-yr/$10M deal with Hawks,2,5000000.00,capology
2019,Mike Muscala,UFA,2.5,Signed 2-yr $4.31M contract,2,2028594.00,capology
2017,Mike Scott,UFA,-0.1,Signed 1-yr deal for veterans minimum with Wizards,1,1709538.00,bball-insiders
2018,Mike Scott,UFA,2.5,Signed 1-yr $4.321MM contract,1,4320500.00,spotrac
2019,Mike Scott,UFA,1.6,Signed 2-yr $9.80M contract,2,4767000.00,capology
2016,Miles Plumlee,RFA,2.2,Signed 4-yr/$52M deal with Bucks,4,12500000.00,capology
2019,Miloš Teodosić,UFA,-0.1,Will reportedly play in Italy,0,0.00,NA
2016,Mirza Teletović,UFA,3.8,Signed 3-yr/$30M deal with Bucks,3,10500000.00,capology
2019,Mitch Creek,UFA,0.2,Will reportedly play in Australia,0,0.00,NA
2017,Monta Ellis,UFA,1.1,NA,0,0.00,NA
2018,Montrezl Harrell,RFA,5.5,Signed 2-yr $12MM contract,2,6000000.00,capology
2018,Myke Henry,UFA,0.1,Will reportedly play in Israel,0,0.00,NA
2018,Nemanja Bjelica,UFA,2.8,"Signed 3-yr $20.475MM contract, third year not guaranteed",2,6500000.00,capology
2016,Nenê,UFA,2.7,Signed 1-yr/$2.9M deal with Rockets,1,2898000.00,capology
2017,Nenê,UFA,4.1,Signed 3-yr/$11M deal with Rockets,3,3477600.00,capology
2019,Nenê,UFA,1.4,Signed 2-yr $20M contract with Rockets *incentive-laden*,2,2564753.00,capology
2017,Nerlens Noel,RFA,4,Signed 1-yr qualifying offer with Mavericks,1,4187599.00,capology
2018,Nerlens Noel,UFA,1.3,Signed 2-yr minimum salary contract,2,1757429.00,capology
2019,Nerlens Noel,UFA,4.3,Signed 1-yr $2.02M contract,1,2028594.00,capology
2017,Nick Collison,UFA,0.4,Signed 1-yr deal with Thunder,1,2328652.00,spotrac
2017,Nick Young,UFA,3.2,Signed 1-yr/$5.2M deal with Warriors,1,5192000.00,capology
2018,Nick Young,UFA,1.7,NA,0,0.00,NA
2016,Nicolas Batum,UFA,5,Signed 5-yr/$120M deal with Hornets,5,20869566.00,capology
2018,Nigel Hayes,UFA,-0.1,Will reportedly play in Turkey,0,0.00,NA
2018,Nik Stauskas,UFA,0.3,Signed 1-yr minimum salary contract,1,1621415.00,bball-insiders
2019,Nik Stauskas,UFA,1.1,Will reportedly play in Spain,0,0.00,NA
2018,Nikola Jokić,RFA,10.7,Signed 5-yr maximum salary contract ($147.71MM) *correction: rfa*,5,25036216.00,capology
2017,Nikola Mirotić,RFA,3.8,Signed 2-yr/$27M deal with Bulls,2,12500000.00,capology
2019,Nikola Mirotić,UFA,3.5,Will reportedly play in Spain,0,0.00,NA
2019,Nikola Vučević,UFA,10.1,Signed 4-yr $100M contract,4,28000000.00,capology
2018,Noah Vonleh,UFA,1.6,Signed 1-yr minimum salary contract,1,1621415.00,spotrac
2019,Noah Vonleh,UFA,3.2,Signed 1-yr $2M contract,1,2000000.00,capology
2016,Norris Cole,UFA,-0.1,Has reportedly signed to play in China,0,0.00,NA
2017,Norris Cole,UFA,-0.1,Will reportedly sign to play in Israel,0,0.00,NA
2018,Okaro White,UFA,0.2,Signed Exhibit 10 contract,0,0.00,NA
2018,Omari Johnson,UFA,0.1,Signed training camp deal,0,0.00,NA
2017,Omri Casspi,UFA,0.5,Signed 1-yr minimum deal with Warriors,1,2106470.00,spotrac
2018,Omri Casspi,UFA,2.2,Signed 1-yr minimum salary contract,1,2176260.00,spotrac
2019,Omri Casspi,UFA,1.3,Will reportedly play in Israel,0,0.00,NA
2017,Otto Porter,RFA,9.4,Signed 4-yr/$106M deal with Wizards,4,24773250.00,capology
2016,P.J. Hairston,UFA,0.6,"Reportedly agreed to deal with Rockets *non-g, waived after 24 days*",1,980431.00,bball-insiders
2017,P.J. Tucker,UFA,3.6,Signed 4-yr/$32M deal with Rockets,4,7590385.00,capology
2016,Pablo Prigioni,UFA,1.5,Reportedly agreed to 2-yr deal with Rockets,2,1050961.00,capology
2018,Pat Connaughton,UFA,2.5,"Reportedly agreed to 2-yr $3.364MM contract, second year not guaranteed",2,1641000.00,capology
2019,Patrick Beverley,UFA,4.8,Signed 3-yr $40M contract,3,12345679.00,capology
2019,Patrick McCaw,RFA,0.5,Signed 2-yr $8M contract,2,4000000.00,capology
2018,Patrick McCaw,RFA,0.6,NA,0,0.00,NA
2017,Patrick Patterson,UFA,3.3,Signed 3-yr/$16.4M deal with Thunder,3,5451600.00,capology
2019,Patrick Patterson,UFA,1.1,Signed 1-yr $2.33M contract,1,2331593.00,capology
2017,Patty Mills,UFA,5.1,Signed 4-yr/$50M deal with Spurs,4,10714286.00,capology
2016,Pau Gasol,UFA,7.1,Signed 2-yr/$30M deal with Spurs,2,15500000.00,capology
2017,Pau Gasol,UFA,6.4,Signed 3-yr/$48M deal with Spurs,3,16000000.00,capology
2019,Pau Gasol,UFA,1.1,Signed 1-yr $2.56M contract,1,2564753.00,capology
2018,Paul George,UFA,8.9,Signed 4-yr maximum salary contract ($136.91MM),4,33005556.00,capology
2017,Paul Millsap,UFA,6.4,Signed 3-yr/$90M deal with Nuggets,3,31269231.00,capology
2017,Paul Pierce,UFA,0.1,NA,0,0.00,NA
2018,Paul Zipser,UFA,-0.6,NA,0,0.00,NA
2016,Phil Pressey,RFA,-0.1,Reportedly agreed to training camp deal with Warriors,0,0.00,NA
2019,PJ Dozier,UFA,0.1,Signed training camp deal,0,0.00,NA
2016,Quincy Acy,UFA,2.5,Reportedly agreed to 2-yr deal with Mavericks,2,1050961.00,spotrac
2018,Quincy Acy,UFA,1,NA,0,0.00,NA
2019,Quincy Acy,UFA,-0.1,Will reportedly play in Israel,0,0.00,NA
2019,Quincy Pondexter,UFA,0.8,NA,0,0.00,NA
2019,Quinn Cook,UFA,1.8,Signed 2-yr $6M contract,2,3000000.00,capology
2018,R.J. Hunter,UFA,0,"Signed contract (details unknown) *one-yr non-g, waived after 1 month*",1,1567007.00,bball-insiders
2019,R.J. Hunter,UFA,0.1,Will reportedly play in Turkey,0,0.00,NA
2016,Rajon Rondo,UFA,4.6,Signed 2-yr/$28M deal with Bulls,2,14000000.00,capology
2017,Rajon Rondo,UFA,2.3,Signed 1-yr/$3.3M deal with Pelicans,1,3300000.00,capology
2018,Rajon Rondo,UFA,3.6,Signed 1-yr $9MM contract,1,9000000.00,capology
2019,Rajon Rondo,UFA,1.3,Signed 2-yr $5.18M contract,2,2564753.00,capology
2017,Rakeem Christmas,UFA,0.5,Will reportedly play in Turkey,0,0.00,NA
2016,Ramon Sessions,UFA,3.8,Signed 2-yr/$12.3M deal with Hornets,2,6000000.00,capology
2017,Ramon Sessions,UFA,0.9,Signed 1-yr deal with Knicks,1,2328652.00,spotrac
2018,Ramon Sessions,UFA,0.3,NA,0,0.00,NA
2016,Randy Foye,UFA,0.4,Signed 1-yr/$2.5M deal with Nets,1,2500000.00,capology
2017,Randy Foye,UFA,0.2,NA,0,0.00,NA
2016,Rasual Butler,UFA,1.3,Signed with Timberwolves,1,1551659.00,spotrac
2018,Raul Neto,RFA,0.9,Signed 2-yr $4.3MM contract,2,2150000.00,capology
2019,Raul Neto,UFA,1.1,Signed 1-yr $1.73M contract,1,1737145.00,capology
2019,Rawle Alkins,UFA,-0.1,NA,0,0.00,NA
2016,Ray McCallum,RFA,0.3,Reportedly agreed to 1-yr deal with Pistons,1,1015696.00,spotrac
2019,Ray Spalding,UFA,0.2,Signed Exhibit 10 contract,0,0.00,NA
2016,Raymond Felton,UFA,2.7,Signed 1-yr deal with Clippers,1,1551659.00,spotrac
2017,Raymond Felton,UFA,1.9,Signed 1-yr deal with Thunder,1,2328652.00,spotrac
2018,Raymond Felton,UFA,2.2,Signed 1-yr minimum salary contract,1,2393887.00,spotrac
2019,Raymond Felton,UFA,0.7,NA,0,0.00,NA
2017,Reggie Bullock,UFA,1,Signed 2-yr/$5M deal with Pistons,2,2500000.00,capology
2019,Reggie Bullock,UFA,3.1,Signed 2-yr $8.2M contract,2,4000000.00,capology
2016,Richard Jefferson,UFA,2.7,Signed 3-yr/$7.5M deal with Cavaliers,3,2500000.00,capology
2019,Richaun Holmes,UFA,4.3,Signed 2-yr $9.77M contract,2,4767000.00,capology
2019,Ricky Rubio,UFA,3.7,Signed 3-yr $51M contract,3,16200000.00,capology
2016,Robert Sacre,UFA,0.3,Reportedly agreed to training camp deal with Pelicans,0,0.00,NA
2019,Robin Lopez,UFA,2.7,Signed 2-yr $9.77M contract,2,4767000.00,capology
2018,Rodney Hood,RFA,2.7,Accepted 1-yr $3.47MM qualifying offer,1,3472887.00,capology
2019,Rodney Hood,UFA,2.6,Signed 2-yr $11.72M contract,2,5718000.00,capology
2019,Rodney McGruder,RFA,1.9,Signed 3-yr $15M contract,3,4807693.00,capology
2018,Rodney Purvis,UFA,-0.3,NA,0,0.00,NA
2017,Rodney Stuckey,UFA,-0.1,NA,0,0.00,NA
2017,Ron Baker,RFA,-0.1,Signed 2-yr/$8.9M deal with Knicks,2,4328000.00,capology
2019,Ron Baker,UFA,-0.1,Will reportedly play in Russia,0,0.00,NA
2019,Rondae Hollis-Jefferson,UFA,1.2,Signed 1-yr $2.50M contract,1,2500000.00,capology
2016,Ronnie Price,UFA,1.4,Signed 2-yr/$5M deal with Thunder,2,2557545.00,capology
2016,Roy Hibbert,UFA,2.2,Signed 1-yr/$5M deal with Hornets,1,5000000.00,capology
2017,Roy Hibbert,UFA,1.8,NA,0,0.00,NA
2017,Rudy Gay,UFA,1.8,Signed 2-yr/$17M deal with Spurs,2,8406000.00,capology
2018,Rudy Gay,UFA,3.1,Signed 1-yr $10.087MM contract,1,10087200.00,capology
2019,Rudy Gay,UFA,4.4,Signed 2-yr $32M contract,2,14500000.00,capology
2016,Ryan Anderson,UFA,3.9,Signed 4-yr/$80M deal with Rockets,4,18735364.00,capology
2019,Ryan Anderson,UFA,-0.2,Signed 1-yr $2.56M contract,1,2564753.00,bball-insiders
2019,Ryan Arcidiacono,RFA,3.7,Signed 3-yr $9M contract,3,3000000.00,capology
2016,Ryan Kelly,RFA,0.1,Signed with Hawks,1,1015696.00,bball-insiders
2017,Ryan Kelly,UFA,0.1,Signed in Spain,0,0.00,NA
2018,Salah Mejri,UFA,2.7,Signed 1-yr minimum salary contract,1,1567007.00,spotrac
2019,Salah Mejri,UFA,1.1,Will reportedly play in Spain,0,0.00,NA
2019,Sam Dekker,UFA,1,Will reportedly play in Russia,0,0.00,NA
2016,Sasha Vujačić,UFA,1.1,Signed 1-yr deal with Knicks,1,1410598.00,spotrac
2017,Sasha Vujačić,UFA,0.1,Reportedly reach agreement to play in Italy,0,0.00,NA
2018,Sean Kilpatrick,UFA,0.1,NA,0,0.00,NA
2017,Serge Ibaka,UFA,5.1,Signed 3-yr/$65M deal with Raptors,3,20061728.00,capology
2017,Sergio Rodríguez,UFA,0.7,Reportedly agreed to deal with CSKA Moscow,0,0.00,NA
2016,Seth Curry,UFA,1.4,Signed 2-yr/$6M deal with Mavericks,2,2898000.00,capology
2019,Seth Curry,UFA,2.4,Signed 4-yr $32M contract,4,7441860.00,capology
2017,Shabazz Muhammad,UFA,2.7,Signed 1-yr deal with Timberwolves,1,1577230.00,capology
2018,Shabazz Muhammad,UFA,0.7,Signed training camp deal,0,0.00,NA
2018,Shabazz Napier,UFA,3.2,"Signed 2-yr $3.788MM contract, second year team option",2,1942422.00,capology
2018,Shane Larkin,UFA,1.4,Will reportedly play in Turkey,0,0.00,NA
2019,Shaquille Harrison,UFA,1.4,Signed 1-yr $0.89M contract,1,1620564.00,bball-insiders
2017,Shaun Livingston,UFA,2.6,Signed 3-yr/$24M deal with Warriors,3,7692308.00,capology
2017,Shelvin Mack,UFA,1.4,Signed 2-yr/$12M deal with Magic,2,6000000.00,capology
2018,Shelvin Mack,UFA,1.9,Signed 1-yr minimum salary contract,1,2029463.00,spotrac
2019,Shelvin Mack,UFA,0.9,Will reportedly play in Italy,0,0.00,NA
2019,Sindarius Thornwell,UFA,0,Signed 1-yr $1.62M contract,1,1620564.00,spotrac
2016,Solomon Hill,UFA,2.1,Signed 4-yr/$48M deal with Pelicans,4,11241218.00,capology
2019,Stanley Johnson,UFA,0.5,Signed 2-yr $7.42M contract,2,3623000.00,capology
2017,Stephen Curry,UFA,12.6,Reportedly agreed to 5-yr/$201M deal with Warriors,5,34682550.00,capology
2017,Stephen Zimmerman,UFA,0,Reportedly agreed to deal with Lakers,1,1312611.00,spotrac
2016,Steve Blake,UFA,1.1,Will reportedly play in Australia,0,0.00,NA
2016,Steve Novak,UFA,0.1,Signed with Bucks,1,1551659.00,spotrac
2019,T.J. McConnell,UFA,2.9,Signed 2-yr $7M contract,2,3500000.00,capology
2019,Tahjere McCall,UFA,0,Signed Exhibit 10 contract,0,0.00,NA
2017,Taj Gibson,UFA,4,Signed 2-yr/$28M deal with Timberwolves,2,14000000.00,capology
2019,Taj Gibson,UFA,5.1,Signed 2-yr $20M contract,2,9000000.00,capology
2016,Tarik Black,RFA,0.7,Signed 2-yr/$12.85M deal with Lakers,2,6191000.00,capology
2017,Tarik Black,UFA,2.4,Signed deal with Rockets,1,3290000.00,capology
2018,Tarik Black,UFA,1.5,Will reportedly play in Israel,0,0.00,NA
2016,Tayshaun Prince,UFA,0.4,NA,0,0.00,NA
2016,Terrence Jones,RFA,1.5,Signed 1-yr deal with Pelicans,1,1050961.00,spotrac
2017,Terrence Jones,UFA,2.3,Will reportedly play in China,0,0.00,NA
2019,Terrence Ross,UFA,4.3,Signed 4-yr $54M contract,4,12500000.00,capology
2019,Terry Rozier,RFA,3.2,Signed 3-yr $56.7M contract with BOS as part of sign-and-trade,3,19894737.00,capology
2017,Thabo Sefolosha,UFA,3.3,Signed 2-yr/$10.5M deal with Jazz,2,5250000.00,capology
2019,Thabo Sefolosha,UFA,1.5,Signed 1-yr $2.56M contract,1,2564753.00,capology
2019,Thaddeus Young,UFA,6.9,Signed 3-yr $43.63M contract,3,12900000.00,capology
2019,Theo Pinson,UFA,0,Signed 2-yr $3.14M contract,2,1445697.00,capology
2019,Thomas Bryant,RFA,5.6,Signed 3-yr $25M contract,3,8000000.00,capology
2016,Thomas Robinson,UFA,0.6,Signed with Lakers,1,1050961.00,bball-insiders
2017,Thomas Robinson,UFA,0.9,Signed to play in Russia,0,0.00,NA
2019,Thomas Welsh,UFA,0.1,Signed training camp deal,0,0.00,NA
2017,Tiago Splitter,UFA,0.1,NA,0,0.00,NA
2016,Tim Frazier,RFA,1,Signed 2-yr/$4.1M deal with Pelicans,2,2090000.00,capology
2019,Tim Frazier,UFA,2,Signed 1-yr $1.88M contract,1,1882867.00,spotrac
2018,Tim Frazier,UFA,1.4,Signed training camp deal,0,0.00,NA
2017,Tim Hardaway Jr.,RFA,4.8,Signed 4-yr/$71M deal with Knicks,4,16500000.00,capology
2016,Timofey Mozgov,UFA,3.7,Signed 4-yr/$64M deal with Lakers,4,16000000.00,capology
2019,Timothé Luwawu-Cabarrot,UFA,0.2,Signed 1-yr $1.67M contract *estimated*,1,1670000.00,none
2019,Tobias Harris,UFA,7.1,Signed 5-yr $180M contract,5,32742000.00,capology
2019,Tomáš Satoranský,RFA,4.7,Signed 3-yr $30M contract with WAS as part of sign-and-trade,3,10000000.00,capology
2017,Tony Allen,UFA,3.1,Signed 1-yr deal with Pelicans,1,2328652.00,bball-insiders
2018,Tony Parker,UFA,1.4,Signed 2-yr $10MM contract,2,5000000.00,capology
2017,Tony Snell,RFA,3.4,Reportedly agreed to 4-yr/$46M deal with Bucks,4,9821429.00,capology
2018,Travis Wear,UFA,0.2,NA,0,0.00,NA
2018,Treveon Graham,UFA,1.8,Signed 2-yr minimum salary contract,2,1512601.00,spotrac
2019,Trevon Duval,UFA,0.1,NA,0,0.00,NA
2018,Trevor Ariza,UFA,5.3,Signed 1-yr $15MM contract,1,15000000.00,capology
2019,Trevor Ariza,UFA,2.5,Signed 2-yr $25M contract,2,12200000.00,capology
2016,Trevor Booker,UFA,4.3,Signed 2-yr/$18M deal with Nets,2,9250000.00,capology
2018,Trevor Booker,UFA,2.9,Will reportedly play in China,0,0.00,NA
2019,Trey Burke,UFA,1.9,Signed 1-yr $2.02M contract,1,2028594.00,capology
2017,Trey Burke,UFA,0.5,NA,0,0.00,NA
2019,Trey Lyles,UFA,1.2,Signed 2-yr $11M contract,2,5500000.00,capology
2019,Troy Caupain,UFA,0.1,Signed Exhibit 10 contract,0,0.00,NA
2016,Troy Daniels,RFA,1.1,Traded to Grizzlies via sign-and-trade,3,3332940.00,bball-insiders
2019,Troy Daniels,UFA,0.3,Signed 1-yr $2.02M contract,1,2028594.00,spotrac
2017,Troy Williams,UFA,0.4,Signed 3-yr deal with Rockets,3,1471382.00,capology
2018,Troy Williams,UFA,0.5,"Signed 2-yr $3.158MM contract, second year team option *estimated*",2,1578979.00,none
2019,Troy Williams,UFA,0.4,NA,0,0.00,NA
2016,Ty Lawson,UFA,0.9,Reportedly agreed to 1-yr deal with Kings,1,1315448.00,spotrac
2017,Ty Lawson,UFA,3.2,Signed to play in China,0,0.00,NA
2018,Tyler Cavanaugh,UFA,1.2,Signed two-way contract,0,0.00,NA
2019,Tyler Cavanaugh,UFA,0,Will reportedly play in Germany,0,0.00,NA
2019,Tyler Dorsey,UFA,0.6,Will reportedly play in Israel,0,0.00,NA
2017,Tyler Ennis,UFA,0.4,Signed 2-yr deal with Lakers,2,1524305.00,NA
2018,Tyler Ennis,UFA,0.8,Will reportedly play in Turkey,0,0.00,NA
2016,Tyler Hansbrough,UFA,1,NA,0,0.00,NA
2016,Tyler Johnson,RFA,2,Signed 4-yr/$50M deal with Heat *heavily backloaded*,4,5628000.00,capology
2019,Tyler Lydon,UFA,0.2,Signed 2-yr $3.38M contract,2,1620564.00,spotrac
2019,Tyler Ulis,UFA,0,Signed 1-yr $1.62M contract,1,1678854.00,bball-insiders
2018,Tyler Ulis,UFA,-0.2,Signed Exhibit 10 contract,0,0.00,NA
2016,Tyler Zeller,UFA,1.7,Signed 2-yr/$8M deal with Celtics *correction: 16 mil*,2,8000000.00,capology
2017,Tyler Zeller,UFA,1,Signed 2-yr deal with Nets,2,1709538.00,spotrac
2019,Tyler Zeller,UFA,0.3,Signed training camp deal,0,0.00,NA
2017,Tyreke Evans,UFA,0.7,Signed 1-yr/$3.3M deal with Grizzlies,1,3290000.00,capology
2018,Tyreke Evans,UFA,4.2,Signed 1-yr $12.4MM contract,1,12400000.00,capology
2018,Tyrone Wallace,RFA,0.7,*matched qualifying offer*,2,1349383.00,bball-insiders
2019,Tyson Chandler,UFA,2.1,Signed 1-yr $2.56M contract,1,2564753.00,capology
2019,Tyus Jones,RFA,3,Signed 3-yr $26.44M offer sheet,3,9258000.00,capology
2016,Udonis Haslem,UFA,0.4,Signed 1-yr/$4M deal with Heat,1,4000000.00,capology
2017,Udonis Haslem,UFA,0.2,Signed 1-yr deal with Heat,1,2328652.00,spotrac
2018,Udonis Haslem,UFA,-0.1,Signed 1-yr minimum salary contract,1,2393887.00,spotrac
2019,Udonis Haslem,UFA,-0.1,Signed 1-yr minimum salary contract,1,2564753.00,spotrac
2017,Vince Carter,UFA,4,Reportedly agreed to 1-yr/$8M deal with Kings,1,8000000.00,capology
2018,Vince Carter,UFA,1.2,Signed 1-yr minimum salary contract,1,2393887.00,capology
2019,Vince Carter,UFA,1.9,Signed 1-yr $2.56M contract,1,2564753.00,capology
2019,Vince Edwards,UFA,0,NA,0,0.00,NA
2019,Wade Baldwin,UFA,-0.3,Will reportedly play in Greece,0,0.00,NA
2019,Walt Lemon Jr.,UFA,0.1,Signed contract,1,1620564.00,capology
2016,Wayne Ellington,UFA,0.8,Reportedly agreed to 2-yr/$12M deal with Heat,2,6000000.00,capology
2018,Wayne Ellington,UFA,4.5,Signed 1-yr $6.27MM contract,1,6270000.00,capology
2019,Wayne Ellington,UFA,2.6,Signed 2-yr $16M contract,2,8000000.00,capology
2017,Wayne Selden,UFA,0.1,Signed 2-yr minimum deal with Grizzlies,2,1312611.00,capology
2019,Wayne Selden,UFA,-0.3,Will reportedly play in China,0,0.00,NA
2016,Wesley Johnson,UFA,2.6,Signed 3-yr/$18M deal with Clippers,3,5628000.00,capology
2019,Wesley Johnson,UFA,0,Will reportedly play in Greece,0,0.00,NA
2019,Wesley Matthews,UFA,2.7,Signed 2-yr $5.25M contract,2,2564753.00,capology
2018,Will Barton,UFA,6.2,"Signed 4-yr $53MM contract, fourth year player option",4,11830358.00,capology
2019,Willie Cauley-Stein,UFA,6.7,Signed 2-yr 4.46M contract,2,2177483.00,capology
2016,Willie Reed,RFA,1.2,Signed 2-yr deal with Heat,2,1015696.00,capology
2017,Willie Reed,UFA,3.6,Signed 1-yr/$1.5M deal with Clippers,1,1577230.00,spotrac
2019,Wilson Chandler,UFA,1.5,Signed 1-yr $2.56M contract,1,2564753.00,capology
2019,Yante Maten,UFA,0,Signed Exhibit 10 contract,0,0.00,NA
2018,Yogi Ferrell,UFA,3,"Signed 2-yr $6.15MM contract, second year not guaranteed",2,3000000.00,capology
2018,Zach LaVine,RFA,0.3,Signed 4-yr $78MM contract,4,19500000.00,capology
2017,Zach Randolph,UFA,3.2,Signed 2-yr/$24M deal with Kings,2,12307692.00,capology
2016,Zaza Pachulia,UFA,6,Signed 1-yr/$2.9M deal with Warriors,1,2898000.00,capology
2017,Zaza Pachulia,UFA,4.7,Signed 1-yr/$3.5M deal with Warriors,1,3477600.00,capology
2018,Zaza Pachulia,UFA,3.3,Signed 1-yr minimum salary contract,1,2393887.00,spotrac
2020,Anthony Davis,UFA,11.1,Signed 5-yr $190M contract,5,32742000.00,spotrac
2020,Hassan Whiteside,UFA,8.5,Signed 1-yr $2.3M contract,1,2320044.00,spotrac
2020,Montrezl Harrell,UFA,7,Signed 2-yr $19M contract,2,9258000.00,spotrac
2020,Danilo Gallinari,UFA,6.3,Signed 3-yr $61M contract with OKC as part of sign-and-trade,3,19500000.00,spotrac
2020,Fred VanVleet,UFA,5.8,Signed 4-year $85M contract,4,21250000.00,spotrac
2020,Gordon Hayward,UFA,5.7,Signed 4-yr/$120M contract with BOS as part of a sign and trade,4,28500000.00,spotrac
2020,Dwight Howard,UFA,5.4,Signed 1-yr $2.56M contract,1,2564753.00,spotrac
2020,Brandon Ingram,RFA,5.1,,5,27285000.00,spotrac
2020,Christian Wood,UFA,5.1,Signed 3-yr $41M contract with DET as part of a sign-and-trade,3,13015874.00,spotrac
2020,Nerlens Noel,UFA,4.9,Signed 1-yr $5M contract,1,5000000.00,spotrac
2020,Jerami Grant,UFA,4.4,Signed 3-yr $60M contract with DEN as part of sign-and-trade,3,19050000.00,spotrac
2020,Derrick Jones Jr.,UFA,4.4,Signed 2-yr $19M contract,2,9258000.00,spotrac
2020,Joe Harris,UFA,4.3,Signed 4-yr $75M contract,4,16071429.00,spotrac
2020,Derrick Favors,UFA,4.2,Signed 3-yr/$29.2M contract,3,9258000.00,spotrac
2020,Justin Holiday,UFA,4.2,Signed 3-yr $18M contract,3,5720400.00,spotrac
2020,Jakob Poeltl,RFA,4,Signed 3-yr $26.25M contract,3,8101852.00,spotrac
2020,Serge Ibaka,UFA,3.9,Signed 2-yr $19M contract,2,9258000.00,spotrac
2020,Chris Boucher,RFA,3.8,Signed 2-yr $13.5M contract,2,6500000.00,spotrac
2020,Jae Crowder,UFA,3.8,Signed 3-yr $29M contract,3,9258000.00,spotrac
2020,Alec Burks,UFA,3.7,Signed 1-yr $6M contract,1,6000000.00,spotrac
2020,Kentavious Caldwell-Pope,UFA,3.7,Signed 3-yr $39M contract,3,12073020.00,spotrac
2020,Ersan İlyasova,UFA,3.6,*waived 1 day before free agency*,0,0.00,bbref
2020,Marcus Morris,UFA,3.6,Signed 4-yr $64M contract,4,14883721.00,spotrac
2020,Dario Šarić,RFA,3.6,Signed 3-yr $27M contract,3,9250000.00,spotrac
2020,Dāvis Bertāns,UFA,3.5,Signed 5-yr $80M contract,5,15000000.00,spotrac
2020,Goran Dragić,UFA,3.5,"2 yr/$37.5M, 2021-22 is a team option",2,18000000.00,spotrac
2020,Paul Millsap,UFA,3.5,Signed 1-yr $10M contract,1,10000000.00,spotrac
2020,Brad Wanamaker,UFA,3.5,Signed 1-yr $2.25M contract,1,2250000.00,spotrac
2020,Jordan Clarkson,UFA,3.4,Signed 4-yr/$52M contract,4,11500000.00,spotrac
2020,Pat Connaughton,UFA,3.4,Signed 3-yr $16M contract,3,4938273.00,spotrac
2020,Rondae Hollis-Jefferson,UFA,3.4,Signed and waived by MIN *exhibit 10*,0,0.00,bbref
2020,Mason Plumlee,UFA,3.4,Signed 3-yr/$25M contract,3,8000000.00,spotrac
2020,Wesley Matthews,UFA,3.2,Signed 1-yr $3.6M contract,1,3623000.00,spotrac
2020,Bogdan Bogdanović,RFA,3.1,Signed 4-yr $72M contract,4,18000000.00,spotrac
2020,Langston Galloway,UFA,3.1,Signed 1-yr $2M contract,1,2028594.00,spotrac
2020,JaMychal Green,UFA,3.1,Signed 2-yr $15M contract,2,7199760.00,spotrac
2020,Tristan Thompson,UFA,3.1,Signed 2-yr $19M contract,2,9258000.00,spotrac
2020,Marc Gasol,UFA,3,Signed 2-yr $5M contract,2,2564753.00,spotrac
2020,D.J. Augustin,UFA,2.9,Signed 3-yr $21M contract,3,6666667.00,spotrac
2020,Willie Cauley-Stein,UFA,2.9,Signed 2-yr $8.2M contract,2,4100000.00,spotrac
2020,Glenn Robinson III,UFA,2.9,Signed 1-yr $2M contract,1,2028594.00,spotrac
2020,Damian Jones,UFA,2.8,"Signed 2-yr $3.7M contract with PHO, waived and signed 10-day contract with LAL",2,1857078.00,spotrac
2020,Maurice Harkless,UFA,2.7,Signed 1-yr/$3.6M contract,1,3623000.00,spotrac
2020,Taj Gibson,UFA,2.6,,0,0.00,NA
2020,Kyle Korver,UFA,2.5,,0,0.00,NA
2020,Alex Len,UFA,2.5,"Signed and waived by TOR, signed by WAS",1,2320000.00,spotrac
2020,Jeff Teague,UFA,2.5,Signed 1-yr $2.6M contract,1,2564753.00,spotrac
2020,Bismack Biyombo,UFA,2.4,"Signed 1-yr/$2.3M contract *all other sources say 3.5 (espn, hoopshype, etc)*",1,3500000.00,spotrac
2020,James Ennis,UFA,2.4,Signed 1-yr/$3.3M contact,1,3300000.00,spotrac
2020,Austin Rivers,UFA,2.4,Signed 3-yr $10M contract with HOU as part of a sign-and-trade with NYK,3,3174603.00,bbref
2020,Garrett Temple,UFA,2.4,Signed 1-yr $4.8M contract,1,4767000.00,spotrac
2020,Marvin Williams,UFA,2.4,,0,0.00,NA
2020,Kris Dunn,UFA,2.3,Signed 2-yr $10M contract,2,4767000.00,spotrac
2020,Aron Baynes,UFA,2.1,Signed 2-yr $14.3M contract,2,6975610.00,bbref
2020,Jeff Green,UFA,2.1,Signed 1-yr $2.56M contract,1,2564753.00,spotrac
2020,Meyers Leonard,UFA,2.1,"Signed 2-yr $20M contract, 2021-22 is a team option",2,9400000.00,spotrac
2020,Torrey Craig,UFA,2,Signed 1-yr $1.7M contract,1,1678854.00,spotrac
2020,Michael Carter-Williams,UFA,1.9,Signed 2-yr $6M contract,2,3300000.00,spotrac
2020,Patrick Patterson,UFA,1.9,Signed 1-yr $3M contract,1,3077704.00,spotrac
2020,Bobby Portis,UFA,1.9,Signed 2-yr $7.4M contract,2,3623000.00,spotrac
2020,Jevon Carter,RFA,1.8,Signed 3-yr $11.5M contract,3,3925000.00,spotrac
2020,Wesley Iwundu,UFA,1.7,Signed 2-yr $3.5M contract,2,1678854.00,spotrac
2020,De'Anthony Melton,RFA,1.7,Signed 4-yr $35M contract,4,9571712.00,spotrac
2020,Shabazz Napier,UFA,1.7,,0,0.00,bbref
2020,Elfrid Payton,UFA,1.7,Signed 1-yr $4.8M contract,1,4767000.00,spotrac
2020,Harry Giles,UFA,1.6,Signed 1-yr $1.7M contract,1,1678854.00,spotrac
2020,Jordan McLaughlin,RFA,1.6,*two-way*,0,0.00,bbref
2020,Avery Bradley,UFA,1.5,Signed 2-yr $11.6M contract,2,5635000.00,spotrac
2020,Bryn Forbes,UFA,1.5,Signed 2-yr $4.8M contract,2,2337145.00,spotrac
2020,Shaquille Harrison,UFA,1.5,Signed 1-yr non-guaranteed minimum contract,1,1678854.00,bball-insiders
2020,Robin Lopez,UFA,1.5,Signed 1-yr $7.3M contract,1,7300000.00,spotrac
2020,John Henson,UFA,1.4,,0,0.00,bbref
2020,Solomon Hill,UFA,1.4,Signed 1-yr $2.2M contract,1,2174318.00,spotrac
2020,Frank Kaminsky,UFA,1.4,Signed and waived by SAC *non-guaranteed summer*,0,0.00,bball-insiders
2020,Skal Labissière,UFA,1.4,Signed and waived by NYK *exhibit 10*,0,0.00,bbref
2020,Ian Mahinmi,UFA,1.4,,0,0.00,NA
2020,Markieff Morris,UFA,1.4,Signed 1-yr $2.3M contract,1,2331593.00,spotrac
2020,Rajon Rondo,UFA,1.4,Signed 2-yr $15M contract,2,7500000.00,spotrac
2020,Carmelo Anthony,UFA,1.3,Signed 1-yr/$2.56M contract,1,2564753.00,spotrac
2020,Trey Burke,UFA,1.3,Signed 3-yr $10M contract,3,3174603.00,bbref
2020,Cheick Diallo,UFA,1.3,,0,0.00,NA
2020,Jahlil Okafor,UFA,1.3,Signed 2-yr $4M contract,2,1882867.00,spotrac
2020,Malik Beasley,RFA,1.2,Signed 4-yr $60M contract,4,13325895.00,spotrac
2020,Gary Clark,RFA,1.2,Signed 2-yr $4.1M contract,2,2000000.00,bbref
2020,Raul Neto,UFA,1.2,Signed 1-yr $1.9M contract,1,1882867.00,spotrac
2020,JaKarr Sampson,UFA,1.2,Signed 1-yr $1.9M contract,1,1882867.00,spotrac
2020,Sterling Brown,UFA,1.1,Signed 1-yr $1.7M contract,1,1678854.00,spotrac
2020,Rodney Hood,UFA,1.1,"Signed 2-yr $21M contract, 2021-22 is not guaranteed",2,10047450.00,spotrac
2020,Reggie Jackson,UFA,1.1,SIgned 1-yr $2.3M contract,1,2331593.00,spotrac
2020,Kyle O'Quinn,UFA,1.1,,0,0.00,NA
2020,Emmanuel Mudiay,UFA,1,,0,0.00,NA
2020,Elie Okobo,UFA,1,Signed and waived by BRK *exhibit 10*,0,0.00,bbref
2020,Noah Vonleh,UFA,1,"Signed and Waived by CHI, then BRK",1,2028594.00,bball-insiders
2020,Damyean Dotson,UFA,0.9,Signed 2-yr $4M contract,2,2000000.00,spotrac
2020,Juan Hernangómez,RFA,0.9,Signed 3-yr/$21M contract,3,6493000.00,bbref
2020,E'Twaun Moore,UFA,0.9,Signed 1-yr $2.3M contract,1,2331593.00,spotrac
2020,Kenrich Williams,UFA,0.9,Signed 3-yr $6M contract with NOP as part of sign-and-trade,3,2000000.00,spotrac
2020,Marco Belinelli,UFA,0.8,,0,0.00,NA
2020,Jared Dudley,UFA,0.8,Signed 1-yr $2.56M contract,1,2564753.00,spotrac
2020,Drew Eubanks,RFA,0.8,Signed 3-yr $5.3M contract,3,1620564.00,spotrac
2020,Willy Hernangómez,UFA,0.8,Signed 1-yr $1.7M contract,1,1737145.00,spotrac
2020,Mario Hezonja,UFA,0.8,,0,0.00,NA
2020,J.J. Barea,UFA,0.7,Signed and waived by Dallas,1,2564753.00,bball-insiders
2020,Wilson Chandler,UFA,0.7,,0,0.00,NA
2020,Yogi Ferrell,UFA,0.7,"Signed and waived by UTA, signed 10-day contract with CLE *exhibit 10*",0,0.00,bbref
2020,Tyler Johnson,UFA,0.7,Signed 1-yr/$2M contract,1,2028594.00,spotrac
2020,John Konchar,RFA,0.7,Signed 4-yr $9M contract,4,2093023.00,bbref
2020,Jordan McRae,UFA,0.7,,0,0.00,NA
2020,Thabo Sefolosha,UFA,0.7,,0,0.00,NA
2020,Nicolas Batum,UFA,0.6,Signed 1-yr $2.56M contract,1,2564753.00,spotrac
2020,Kent Bazemore,UFA,0.6,Signed 1-yr/$2.3M contract,1,2320044.00,spotrac
2020,Tyson Chandler,UFA,0.6,,0,0.00,NA
2020,Troy Daniels,UFA,0.6,,0,0.00,NA
2020,Garrison Mathews,RFA,0.6,*two-way*,0,0.00,bbref
2020,Derrick Walton,UFA,0.6,*exhibit 10*,0,0.00,bbref
2020,Chris Chiozza,RFA,0.5,Signed and waived by BRK *exhibit 9*,0,0.00,bball-insiders
2020,Josh Jackson,UFA,0.5,Signed 2-yr $9.8M contract,2,4767000.00,spotrac
2020,Gary Payton II,UFA,0.5,,0,0.00,NA
2020,Anthony Tolliver,UFA,0.5,,0,0.00,NA
2020,Denzel Valentine,RFA,0.5,Signed 1-yr $4.7M contract,1,4642800.00,spotrac
2020,Ante Žižić,UFA,0.5,,0,0.00,NA
2020,Jordan Bell,UFA,0.4,"Signed and waived by WAS, resigned to exhibit 10 contract via hardship exception and waived",0,0.00,NA
2020,Ryan Broekhoff,UFA,0.4,Signed and waived by PHI *exhibit 10*,0,0.00,NA
2020,Bruno Caboclo,UFA,0.4,Signed and waived by HOU,2,2028594.00,bball-insiders
2020,Wayne Ellington,UFA,0.4,Signed 1-yr $2.56M contract,1,2564753.00,spotrac
2020,Donta Hall,UFA,0.4,,0,0.00,NA
2020,Jeremiah Martin,UFA,0.4,,0,0.00,NA
2020,Frank Mason III,UFA,0.4,Signed and waived by PHI *exhibit 10*,0,0.00,NA
2020,Johnathan Williams,RFA,0.4,,0,0.00,NA
2020,DeMarre Carroll,UFA,0.3,,0,0.00,NA
2020,DaQuan Jeffries,RFA,0.3,Signed 2-yr/$3M contract,2,1445697.00,spotrac
2020,Alize Johnson,UFA,0.3,Signed and waived by TOR *exhibit 10*,0,0.00,NA
2020,T.J. Leaf,UFA,0.3,,0,0.00,NA
2020,Chimezie Metu,UFA,0.3,Signed and waived by SAC,3,1764740.00,spotrac
2020,Malcolm Miller,UFA,0.3,Signed and waived by UTA *exhibit 10*,0,0.00,NA
2020,Johnathan Motley,UFA,0.3,Signed and waived by PHO *exhibit 10*,0,0.00,NA
2020,Norvel Pelle,UFA,0.3,"Signed and waived by CLE, signed by BRK, then waived and signed by SAC *exhibit 10*",0,0.00,NA
2020,DeAndre' Bembry,UFA,0.2,Signed 2-yr $3.7M contract,2,1737145.00,spotrac
2020,Tyler Cook,UFA,0.2,Signed and waived by MIN *exhibit 10*,0,0.00,NA
2020,Matthew Dellavedova,UFA,0.2,Signed 1-yr/$2.2M contract,1,2174318.00,spotrac
2020,Melvin Frazier,UFA,0.2,Signed and waived by OKC *exhibit 9 & 10*,0,0.00,NA
2020,Wenyen Gabriel,RFA,0.2,Signed 2-yr $3.4M contract,2,1620564.00,spotrac
2020,Treveon Graham,UFA,0.2,Signed and waived by MIL *exhibit 10*,0,0.00,NA
2020,Kelan Martin,UFA,0.2,Signed 2-yr $3M contract,2,1445697.00,spotrac
2020,Džanan Musa,UFA,0.2,,0,0.00,NA
2020,Juan Toscano-Anderson,UFA,0.2,*two-way*,0,0.00,NA
2020,Oshae Brissett,RFA,0.1,Signed and waived by TOR,2,1573645.00,spotrac
2020,Jamal Crawford,UFA,0.1,,0,0.00,NA
2020,Dewayne Dedmon,UFA,0.1,,0,0.00,NA
2020,Tim Frazier,UFA,0.1,,0,0.00,NA
2020,Marko Guduric,UFA,0.1,,0,0.00,NA
2020,Joakim Noah,UFA,0.1,,0,0.00,NA
2020,Admiral Schofield,UFA,0.1,,0,0.00,NA
2020,Sindarius Thornwell,UFA,0.1,"Signed 2-yr $3.5M contract, waived and then re-signed to 10-day contract",1,1620564.00,spotrac
2020,Dion Waiters,UFA,0.1,,0,0.00,NA
2020,Yuta Watanabe,RFA,0.1,Signed exhibit 10 contract *convert to two-way*,0,0.00,NA
2020,Kyle Alexander,UFA,0,,0,0.00,NA
2020,Jarrell Brantley,RFA,0,*two-way*,0,0.00,NA
2020,Corey Brewer,UFA,0,,0,0.00,NA
2020,Charlie Brown,UFA,0,Signed and waived by MIN *exhibit 10*,0,0.00,NA
2020,Moses Brown,UFA,0,*two-way*,0,0.00,NA
2020,Zylan Cheatham,RFA,0,"Signed 3-yr $5M contract with NOP as part of sign-and-trade and then waived by OKC, signed and waived by MIN",3,1664676.00,spotrac
2020,Jerian Grant,UFA,0,Signed 1-yr $1.9M contract,1,1882867.00,bbref
2020,Udonis Haslem,UFA,0,Signed 1-yr/$2.6M contract,1,2564753.00,spotrac
2020,Dewan Hernandez,UFA,0,*exhibit 10*,0,0.00,bbref
2020,Amile Jefferson,UFA,0,*exhibit 10*,0,0.00,bbref
2020,Louis King,UFA,0,Signed and waived by NYK,0,0.00,bbref
2020,Luc Mbah a Moute,UFA,0,,0,0.00,bbref
2020,Matt Mooney,RFA,0,,0,0.00,bbref
2020,Tariq Owens,RFA,0,,0,0.00,bbref
2020,Chasson Randle,UFA,0,*exhibit 10*,0,0.00,bbref
2020,Josh Reaves,UFA,0,Signed and waived by HOU *exhibit 10*,0,0.00,bbref
2020,Andre Roberson,UFA,0,"Signed contract with BRK, waived and resigned 10-day contract",0,0.00,NA
2020,Justin Robinson,UFA,0,*exhibit 10*,0,0.00,bbref
2020,Caleb Swanigan,UFA,0,,0,0.00,NA
2020,Khyri Thomas,UFA,0,Signed and waived by SAS *exhibit 10*,0,0.00,bbref
2020,Lance Thomas,UFA,0,,0,0.00,NA
2020,Jarrod Uthoff,UFA,0,Signed and waived by NOP,1,1620564.00,spotrac
2020,Nigel Williams-Goss,UFA,0,,0,0.00,NA
2020,Justin Wright-Foreman,UFA,0,Signed and Waived by NOP *exhibit 10*,0,0.00,bbref
2020,Tyler Zeller,UFA,0,,0,0.00,NA
2020,Justin Anderson,UFA,-0.1,Signed and waived by PHI,2,2006445.00,spotrac
2020,Jordan Bone,UFA,-0.1,*two-way*,0,0.00,bbref
2020,Ky Bowman,UFA,-0.1,Signed and waived by LAC,1,1445697.00,spotrac
2020,Antonius Cleveland,RFA,-0.1,Signed and waived by OKC *exhibit 10*,0,0.00,bbref
2020,Josh Gray,RFA,-0.1,"Signed contract with NOP as part of sign-and-trade with OKC and was waived, signed and waived by IND",3,1620564.00,bbref
2020,Kevin Hervey,RFA,-0.1,,0,0.00,NA
2020,William Howard,UFA,-0.1,,0,0.00,NA
2020,B.J. Johnson,RFA,-0.1,Signed and waived by MIA *exhibit 10*,0,0.00,NA
2020,Brandon Knight,UFA,-0.1,,0,0.00,NA
2020,Vic Law,RFA,-0.1,,0,0.00,NA
2020,Zach Norvell,UFA,-0.1,,1,1445697.00,spotrac
2020,Marial Shayok,UFA,-0.1,,0,0.00,NA
2020,J.R. Smith,UFA,-0.1,,0,0.00,NA
2020,Zhaire Smith,UFA,-0.1,Signed and waived by MEM *exhibit 10*,0,0.00,bbref
2020,Quinndary Weatherspoon,RFA,-0.1,,0,0.00,NA
2020,Vince Carter,UFA,-0.2,,0,0.00,NA
2020,Michael Frazier,RFA,-0.2,,0,0.00,NA
2020,Devon Hall,UFA,-0.2,,0,0.00,NA
2020,Michael Kidd-Gilchrist,UFA,-0.2,Signed and waived by NYK *exhibit 10*,0,0.00,bbref
2020,Evan Turner,UFA,-0.3,,0,0.00,NA
2020,Deonte Burton,UFA,-0.5,,0,0.00,NA
2020,Jacob Evans,UFA,-0.5,,0,0.00,NA
2020,Dwayne Bacon,UFA,-0.8,Signed 2-yr $3.5M contract,2,1678854.00,spotrac
2020,Thon Maker,UFA,1.5,Signed Exhibit 10 contract,0,0.00,NA
2020,Keita Bates-Diop,UFA,1.2,Signed two-way contract,0,0.00,NA
2020,Courtney Lee,UFA,0.7,Signed Exhibit 10 contract and waived by DAL,0,0.00,NA
2020,Quinn Cook,UFA,0.3,Signed Exhibit 10 contract,0,0.00,NA
2020,Tacko Fall,RFA,0.2,Signed 2-way contract,0,0.00,NA
2020,Jaylen Hoard,UFA,0.2,"Signed and waived by OKC, signed two-way contract",0,0.00,NA
2020,Frank Jackson,UFA,0.2,"Signed and waived by OKC, signed two-way contract with DET",0,0.00,NA
2020,Adam Mokoka,RFA,0.2,Signed 2-way contract,0,0.00,NA
2020,Rayjon Tucker,UFA,0.2,"Signed and waived by LAC, signed two-way contract with PHI",0,0.00,NA
2020,Kostas Antetokounmpo,UFA,0.1,Signed 2-way contract,0,0.00,NA
2020,Jared Harper,RFA,0,Signed 2-way contract,0,0.00,NA
2020,Naz Mitrou-Long,UFA,0,Signed Exhibit 10 contract and waived by IND,0,0.00,NA
2020,Justin Patton,UFA,0,"Signed and waived by MIL, signed to a two-way contract by HOU",0,0.00,NA
2020,Max Strus,RFA,0,Signed Exhibit 10 contract,0,0.00,NA
2020,Brian Bowen,UFA,-0.1,Signed 2-way contract,0,0.00,NA
2020,Gabe Vincent,RFA,-0.2,Signed 2-way contract 11/21/20,0,0.00,NA
2020,Tremont Waters,RFA,-0.3,Signed 2-way contract,0,0.00,NA
2020,Theo Pinson,UFA,-0.6,Signed 2-way contract,0,0.00,NA